"path","kind","contract_scope","inspection","evidence","next_review"
".firebaserc","configuration","delivery-configuration","본문 전체 읽음","root-tests","계약 수정·실행 검증은 별도"
".gitattributes","configuration","delivery-configuration","본문 전체 읽음","root-tests","계약 수정·실행 검증은 별도"
".github/workflows/performance-pages.yml","tool","delivery-configuration","본문 전체 읽음","tooling","계약 수정·실행 검증은 별도"
".github/workflows/quality-gates.yml","tool","delivery-configuration","본문 전체 읽음","tooling","계약 수정·실행 검증은 별도"
".gitignore","configuration","delivery-configuration","본문 전체 읽음","root-tests","계약 수정·실행 검증은 별도"
".vercelignore","configuration","delivery-configuration","본문 전체 읽음","root-tests","계약 수정·실행 검증은 별도"
"android/app/build.gradle.kts","configuration","android","본문 전체 읽음","root-tests","계약 수정·실행 검증은 별도"
"android/app/google-services.json","configuration","android","본문 전체 읽음","root-tests","계약 수정·실행 검증은 별도"
"android/app/proguard-rules.pro","configuration","android","본문 전체 읽음","root-tests","계약 수정·실행 검증은 별도"
"android/app/src/androidTest/java/com/household/account/CategoryRepositoryInstrumentationTest.kt","test","android","본문 전체 읽음","root-tests","계약 수정·실행 검증은 별도"
"android/app/src/androidTest/java/com/household/account/e2e/FcmFirebaseE2ETest.kt","test","android","본문 전체 읽음","root-tests","계약 수정·실행 검증은 별도"
"android/app/src/androidTest/java/com/household/account/e2e/FirebaseEmulatorTestRunner.kt","test","android","본문 전체 읽음","root-tests","계약 수정·실행 검증은 별도"
"android/app/src/androidTest/java/com/household/account/e2e/NativePerformanceFirebaseE2ETest.kt","test","android","본문 전체 읽음","root-tests","계약 수정·실행 검증은 별도"
"android/app/src/androidTest/java/com/household/account/e2e/QuickEditFirebaseE2ETest.kt","test","android","본문 전체 읽음","root-tests","계약 수정·실행 검증은 별도"
"android/app/src/androidTest/java/com/household/account/e2e/QuickEditWebFeedbackFirebaseE2ETest.kt","test","android","본문 전체 읽음","root-tests","계약 수정·실행 검증은 별도"
"android/app/src/androidTest/java/com/household/account/e2e/WebStartupFirebaseE2ETest.kt","test","android","본문 전체 읽음","root-tests","계약 수정·실행 검증은 별도"
"android/app/src/androidTest/java/com/household/account/HostPlatformAdapterTest.kt","test","android","본문 전체 읽음","root-tests","계약 수정·실행 검증은 별도"
"android/app/src/androidTest/java/com/household/account/MainActivityInstrumentationTest.kt","test","android","본문 전체 읽음","root-tests","계약 수정·실행 검증은 별도"
"android/app/src/androidTest/java/com/household/account/QuickEditActivityInstrumentationTest.kt","test","android","본문 전체 읽음","root-tests","계약 수정·실행 검증은 별도"
"android/app/src/androidTest/java/com/household/account/QuickEditEncryptedOutboxInstrumentationTest.kt","test","android","본문 전체 읽음","root-tests","계약 수정·실행 검증은 별도"
"android/app/src/firebaseE2e/AndroidManifest.xml","configuration","android","본문 전체 읽음","root-tests","계약 수정·실행 검증은 별도"
"android/app/src/firebaseE2e/res/xml/firebase_e2e_network_security_config.xml","configuration","android","본문 전체 읽음","root-tests","계약 수정·실행 검증은 별도"
"android/app/src/firebaseWebE2e/res/xml/firebase_e2e_network_security_config.xml","configuration","android","본문 전체 읽음","root-tests","계약 수정·실행 검증은 별도"
"android/app/src/main/AndroidManifest.xml","configuration","android","본문 전체 읽음","capture; root-tests","계약 수정·실행 검증은 별도"
"android/app/src/main/java/com/household/account/auth/NativeAuthCoordinator.kt","runtime","android","본문 전체 읽음","capture","계약 수정·실행 검증은 별도"
"android/app/src/main/java/com/household/account/data/CategoryRepository.kt","runtime","android","본문 전체 읽음","capture","계약 수정·실행 검증은 별도"
"android/app/src/main/java/com/household/account/data/Expense.kt","runtime","android","본문 전체 읽음","capture","계약 수정·실행 검증은 별도"
"android/app/src/main/java/com/household/account/data/NotificationDebugLogRepository.kt","runtime","android","본문 전체 읽음","capture","계약 수정·실행 검증은 별도"
"android/app/src/main/java/com/household/account/HouseholdAccountApplication.kt","runtime","android","본문 전체 읽음","capture","계약 수정·실행 검증은 별도"
"android/app/src/main/java/com/household/account/ledger/HouseholdCommandClient.kt","runtime","android","본문 전체 읽음","capture","계약 수정·실행 검증은 별도"
"android/app/src/main/java/com/household/account/ledger/HouseholdQueryClient.kt","runtime","android","본문 전체 읽음","capture","계약 수정·실행 검증은 별도"
"android/app/src/main/java/com/household/account/MainActivity.kt","runtime","android","본문 전체 읽음","capture","계약 수정·실행 검증은 별도"
"android/app/src/main/java/com/household/account/notifications/FcmServiceComponentGate.kt","runtime","android","본문 전체 읽음","capture","계약 수정·실행 검증은 별도"
"android/app/src/main/java/com/household/account/notifications/FidEndpointCommandPayloads.kt","runtime","android","본문 전체 읽음","capture","계약 수정·실행 검증은 별도"
"android/app/src/main/java/com/household/account/notifications/FidLogoutDetachment.kt","runtime","android","본문 전체 읽음","capture","계약 수정·실행 검증은 별도"
"android/app/src/main/java/com/household/account/paymentcapture/AndroidCaptureDelivery.kt","runtime","android","본문 전체 읽음","capture","계약 수정·실행 검증은 별도"
"android/app/src/main/java/com/household/account/paymentcapture/AndroidCaptureLatencyTelemetry.kt","runtime","android","본문 전체 읽음","capture","계약 수정·실행 검증은 별도"
"android/app/src/main/java/com/household/account/paymentcapture/AndroidKeystoreCaptureQueueStore.kt","runtime","android","본문 전체 읽음","capture","계약 수정·실행 검증은 별도"
"android/app/src/main/java/com/household/account/paymentcapture/CaptureBatchDelivery.kt","runtime","android","본문 전체 읽음","capture","계약 수정·실행 검증은 별도"
"android/app/src/main/java/com/household/account/paymentcapture/CaptureDeliveryEnvelope.kt","runtime","android","본문 전체 읽음","capture","계약 수정·실행 검증은 별도"
"android/app/src/main/java/com/household/account/paymentcapture/CaptureDeliveryQueue.kt","runtime","android","본문 전체 읽음","capture","계약 수정·실행 검증은 별도"
"android/app/src/main/java/com/household/account/paymentcapture/CaptureDeliveryWorker.kt","runtime","android","본문 전체 읽음","capture","계약 수정·실행 검증은 별도"
"android/app/src/main/java/com/household/account/paymentcapture/CaptureEnvelopeV1.kt","runtime","android","본문 전체 읽음","capture","계약 수정·실행 검증은 별도"
"android/app/src/main/java/com/household/account/paymentcapture/CaptureLatencyRecorder.kt","runtime","android","본문 전체 읽음","capture","계약 수정·실행 검증은 별도"
"android/app/src/main/java/com/household/account/paymentcapture/CaptureRetryWorkScheduler.kt","runtime","android","본문 전체 읽음","capture","계약 수정·실행 검증은 별도"
"android/app/src/main/java/com/household/account/paymentcapture/CaptureSubmissionClient.kt","runtime","android","본문 전체 읽음","capture","계약 수정·실행 검증은 별도"
"android/app/src/main/java/com/household/account/paymentcapture/PaymentSourceRegistry.kt","runtime","android","본문 전체 읽음","capture","계약 수정·실행 검증은 별도"
"android/app/src/main/java/com/household/account/paymentcapture/RawNotificationCandidateFactory.kt","runtime","android","본문 전체 읽음","capture","계약 수정·실행 검증은 별도"
"android/app/src/main/java/com/household/account/paymentcapture/RawNotificationEnvelopeV1.kt","runtime","android","본문 전체 읽음","capture","계약 수정·실행 검증은 별도"
"android/app/src/main/java/com/household/account/paymentcapture/RawNotificationForwardingPolicy.kt","runtime","android","본문 전체 읽음","capture","계약 수정·실행 검증은 별도"
"android/app/src/main/java/com/household/account/paymentcapture/RawNotificationGroupSummaryPolicy.kt","runtime","android","본문 전체 읽음","capture","계약 수정·실행 검증은 별도"
"android/app/src/main/java/com/household/account/paymentcapture/RawNotificationObservationId.kt","runtime","android","본문 전체 읽음","capture","계약 수정·실행 검증은 별도"
"android/app/src/main/java/com/household/account/quickedit/AndroidKeystoreQuickEditCommandOutboxStore.kt","runtime","android","본문 전체 읽음","capture","계약 수정·실행 검증은 별도"
"android/app/src/main/java/com/household/account/quickedit/AndroidKeystoreQuickEditQueueStore.kt","runtime","android","본문 전체 읽음","capture","계약 수정·실행 검증은 별도"
"android/app/src/main/java/com/household/account/quickedit/QuickEditCommandDelivery.kt","runtime","android","본문 전체 읽음","capture","계약 수정·실행 검증은 별도"
"android/app/src/main/java/com/household/account/quickedit/QuickEditCommandDeliveryLifecycle.kt","runtime","android","본문 전체 읽음","capture","계약 수정·실행 검증은 별도"
"android/app/src/main/java/com/household/account/quickedit/QuickEditCommandOutbox.kt","runtime","android","본문 전체 읽음","capture","계약 수정·실행 검증은 별도"
"android/app/src/main/java/com/household/account/quickedit/QuickEditCommandOutboxJsonCodec.kt","runtime","android","본문 전체 읽음","capture","계약 수정·실행 검증은 별도"
"android/app/src/main/java/com/household/account/quickedit/QuickEditCoordinator.kt","runtime","android","본문 전체 읽음","capture","계약 수정·실행 검증은 별도"
"android/app/src/main/java/com/household/account/quickedit/QuickEditPendingQueue.kt","runtime","android","본문 전체 읽음","capture","계약 수정·실행 검증은 별도"
"android/app/src/main/java/com/household/account/quickedit/QuickEditPresentationRegistry.kt","runtime","android","본문 전체 읽음","capture","계약 수정·실행 검증은 별도"
"android/app/src/main/java/com/household/account/quickedit/QuickEditTags.kt","runtime","android","본문 전체 읽음","capture","계약 수정·실행 검증은 별도"
"android/app/src/main/java/com/household/account/quickedit/QuickEditUpdateFeedback.kt","runtime","android","본문 전체 읽음","capture","계약 수정·실행 검증은 별도"
"android/app/src/main/java/com/household/account/quickedit/QuickEditUpdateFeedbackBridge.kt","runtime","android","본문 전체 읽음","capture","계약 수정·실행 검증은 별도"
"android/app/src/main/java/com/household/account/quickedit/QuickEditUpdatePatch.kt","runtime","android","본문 전체 읽음","capture","계약 수정·실행 검증은 별도"
"android/app/src/main/java/com/household/account/QuickEditActivity.kt","runtime","android","본문 전체 읽음","capture","계약 수정·실행 검증은 별도"
"android/app/src/main/java/com/household/account/security/AndroidKeystoreEncryptedStore.kt","runtime","android","본문 전체 읽음","capture","계약 수정·실행 검증은 별도"
"android/app/src/main/java/com/household/account/server/AuthenticatedCallableGateway.kt","runtime","android","본문 전체 읽음","capture","계약 수정·실행 검증은 별도"
"android/app/src/main/java/com/household/account/server/FirebaseAuthenticatedCallableGateway.kt","runtime","android","본문 전체 읽음","capture","계약 수정·실행 검증은 별도"
"android/app/src/main/java/com/household/account/service/CardNotificationListenerService.kt","runtime","android","본문 전체 읽음","capture","계약 수정·실행 검증은 별도"
"android/app/src/main/java/com/household/account/service/FcmService.kt","runtime","android","본문 전체 읽음","capture","계약 수정·실행 검증은 별도"
"android/app/src/main/java/com/household/account/service/NotificationMessageExtractor.kt","runtime","android","본문 전체 읽음","capture","계약 수정·실행 검증은 별도"
"android/app/src/main/java/com/household/account/session/AndroidSessionMirrorStore.kt","runtime","android","본문 전체 읽음","capture","계약 수정·실행 검증은 별도"
"android/app/src/main/java/com/household/account/session/NativeMembershipResolver.kt","runtime","android","본문 전체 읽음","capture","계약 수정·실행 검증은 별도"
"android/app/src/main/java/com/household/account/session/SessionMirror.kt","runtime","android","본문 전체 읽음","capture","계약 수정·실행 검증은 별도"
"android/app/src/main/java/com/household/account/startup/ActivityStartupGates.kt","runtime","android","본문 전체 읽음","capture","계약 수정·실행 검증은 별도"
"android/app/src/main/java/com/household/account/startup/AppLaunchDurationClock.kt","runtime","android","본문 전체 읽음","capture","계약 수정·실행 검증은 별도"
"android/app/src/main/java/com/household/account/startup/ApplicationStartupTasks.kt","runtime","android","본문 전체 읽음","capture","계약 수정·실행 검증은 별도"
"android/app/src/main/java/com/household/account/util/CardLabelFormatter.kt","runtime","android","본문 전체 읽음","capture","계약 수정·실행 검증은 별도"
"android/app/src/main/java/com/household/account/util/FidEndpointManager.kt","runtime","android","본문 전체 읽음","capture","계약 수정·실행 검증은 별도"
"android/app/src/main/java/com/household/account/util/HouseholdPreferences.kt","runtime","android","본문 전체 읽음","capture","계약 수정·실행 검증은 별도"
"android/app/src/main/java/com/household/account/webhost/AndroidHostBridge.kt","runtime","android","본문 전체 읽음","capture","계약 수정·실행 검증은 별도"
"android/app/src/main/java/com/household/account/webhost/NotificationListenerAccess.kt","runtime","android","본문 전체 읽음","capture","계약 수정·실행 검증은 별도"
"android/app/src/main/java/com/household/account/webhost/TrustedWebOrigin.kt","runtime","android","본문 전체 읽음","capture","계약 수정·실행 검증은 별도"
"android/app/src/main/res/drawable/edit_text_background.xml","configuration","android","본문 전체 읽음","root-tests","계약 수정·실행 검증은 별도"
"android/app/src/main/res/drawable/ic_launcher_background.xml","configuration","android","본문 전체 읽음","root-tests","계약 수정·실행 검증은 별도"
"android/app/src/main/res/layout/activity_main.xml","configuration","android","본문 전체 읽음","root-tests","계약 수정·실행 검증은 별도"
"android/app/src/main/res/layout/activity_quick_edit.xml","configuration","android","본문 전체 읽음","root-tests","계약 수정·실행 검증은 별도"
"android/app/src/main/res/layout/dialog_split_expense.xml","configuration","android","본문 전체 읽음","root-tests","계약 수정·실행 검증은 별도"
"android/app/src/main/res/layout/item_split_expense.xml","configuration","android","본문 전체 읽음","root-tests","계약 수정·실행 검증은 별도"
"android/app/src/main/res/mipmap-anydpi-v26/ic_launcher_round.xml","configuration","android","본문 전체 읽음","root-tests","계약 수정·실행 검증은 별도"
"android/app/src/main/res/mipmap-anydpi-v26/ic_launcher.xml","configuration","android","본문 전체 읽음","root-tests","계약 수정·실행 검증은 별도"
"android/app/src/main/res/values/strings.xml","configuration","android","본문 전체 읽음","root-tests","계약 수정·실행 검증은 별도"
"android/app/src/main/res/values/themes.xml","configuration","android","본문 전체 읽음","root-tests","계약 수정·실행 검증은 별도"
"android/app/src/main/res/xml/backup_rules.xml","configuration","android","본문 전체 읽음","root-tests","계약 수정·실행 검증은 별도"
"android/app/src/main/res/xml/data_extraction_rules.xml","configuration","android","본문 전체 읽음","root-tests","계약 수정·실행 검증은 별도"
"android/app/src/test/java/com/household/account/data/NotificationDebugLogRepositoryTest.kt","test","android","본문 전체 읽음","root-tests","계약 수정·실행 검증은 별도"
"android/app/src/test/java/com/household/account/ledger/HouseholdCommandClientTest.kt","test","android","본문 전체 읽음","root-tests","계약 수정·실행 검증은 별도"
"android/app/src/test/java/com/household/account/ledger/HouseholdQueryClientTest.kt","test","android","본문 전체 읽음","root-tests","계약 수정·실행 검증은 별도"
"android/app/src/test/java/com/household/account/notifications/FidEndpointCommandPayloadsTest.kt","test","android","본문 전체 읽음","root-tests","계약 수정·실행 검증은 별도"
"android/app/src/test/java/com/household/account/notifications/FidLogoutDetachmentTest.kt","test","android","본문 전체 읽음","root-tests","계약 수정·실행 검증은 별도"
"android/app/src/test/java/com/household/account/paymentcapture/CaptureDeliveryQueueTest.kt","test","android","본문 전체 읽음","root-tests","계약 수정·실행 검증은 별도"
"android/app/src/test/java/com/household/account/paymentcapture/CaptureLatencyRecorderTest.kt","test","android","본문 전체 읽음","root-tests","계약 수정·실행 검증은 별도"
"android/app/src/test/java/com/household/account/paymentcapture/CaptureRetryWorkSchedulerTest.kt","test","android","본문 전체 읽음","root-tests","계약 수정·실행 검증은 별도"
"android/app/src/test/java/com/household/account/paymentcapture/CaptureSubmissionClientTest.kt","test","android","본문 전체 읽음","root-tests","계약 수정·실행 검증은 별도"
"android/app/src/test/java/com/household/account/paymentcapture/PaymentSourceRegistryTest.kt","test","android","본문 전체 읽음","root-tests","계약 수정·실행 검증은 별도"
"android/app/src/test/java/com/household/account/paymentcapture/RawNotificationCandidateFactoryTest.kt","test","android","본문 전체 읽음","root-tests","계약 수정·실행 검증은 별도"
"android/app/src/test/java/com/household/account/paymentcapture/RawNotificationEnvelopeV1Test.kt","test","android","본문 전체 읽음","root-tests","계약 수정·실행 검증은 별도"
"android/app/src/test/java/com/household/account/paymentcapture/RawNotificationForwardingPolicyTest.kt","test","android","본문 전체 읽음","root-tests","계약 수정·실행 검증은 별도"
"android/app/src/test/java/com/household/account/paymentcapture/RawNotificationGroupSummaryPolicyTest.kt","test","android","본문 전체 읽음","root-tests","계약 수정·실행 검증은 별도"
"android/app/src/test/java/com/household/account/paymentcapture/RawNotificationObservationIdTest.kt","test","android","본문 전체 읽음","root-tests","계약 수정·실행 검증은 별도"
"android/app/src/test/java/com/household/account/quickedit/QuickEditCommandDeliveryLifecycleTest.kt","test","android","본문 전체 읽음","root-tests","계약 수정·실행 검증은 별도"
"android/app/src/test/java/com/household/account/quickedit/QuickEditCommandOutboxJsonCodecTest.kt","test","android","본문 전체 읽음","root-tests","계약 수정·실행 검증은 별도"
"android/app/src/test/java/com/household/account/quickedit/QuickEditCommandOutboxTest.kt","test","android","본문 전체 읽음","root-tests","계약 수정·실행 검증은 별도"
"android/app/src/test/java/com/household/account/quickedit/QuickEditPendingQueueJsonCodecTest.kt","test","android","본문 전체 읽음","root-tests","계약 수정·실행 검증은 별도"
"android/app/src/test/java/com/household/account/quickedit/QuickEditPendingQueueTest.kt","test","android","본문 전체 읽음","root-tests","계약 수정·실행 검증은 별도"
"android/app/src/test/java/com/household/account/quickedit/QuickEditPresentationRegistryTest.kt","test","android","본문 전체 읽음","root-tests","계약 수정·실행 검증은 별도"
"android/app/src/test/java/com/household/account/quickedit/QuickEditTagsTest.kt","test","android","본문 전체 읽음","root-tests","계약 수정·실행 검증은 별도"
"android/app/src/test/java/com/household/account/quickedit/QuickEditUpdateFeedbackBridgeTest.kt","test","android","본문 전체 읽음","root-tests","계약 수정·실행 검증은 별도"
"android/app/src/test/java/com/household/account/quickedit/QuickEditUpdateFeedbackTest.kt","test","android","본문 전체 읽음","root-tests","계약 수정·실행 검증은 별도"
"android/app/src/test/java/com/household/account/quickedit/QuickEditUpdatePatchTest.kt","test","android","본문 전체 읽음","root-tests","계약 수정·실행 검증은 별도"
"android/app/src/test/java/com/household/account/session/SessionMirrorTest.kt","test","android","본문 전체 읽음","root-tests","계약 수정·실행 검증은 별도"
"android/app/src/test/java/com/household/account/startup/ActivityStartupGatesTest.kt","test","android","본문 전체 읽음","root-tests","계약 수정·실행 검증은 별도"
"android/app/src/test/java/com/household/account/startup/ApplicationStartupTasksTest.kt","test","android","본문 전체 읽음","root-tests","계약 수정·실행 검증은 별도"
"android/app/src/test/java/com/household/account/webhost/TrustedWebOriginTest.kt","test","android","본문 전체 읽음","root-tests","계약 수정·실행 검증은 별도"
"android/build.gradle.kts","configuration","android","본문 전체 읽음","root-tests","계약 수정·실행 검증은 별도"
"android/gradle.properties","configuration","android","본문 전체 읽음","root-tests","계약 수정·실행 검증은 별도"
"android/gradle/wrapper/gradle-wrapper.properties","configuration","android","본문 전체 읽음","root-tests","계약 수정·실행 검증은 별도"
"android/gradlew","configuration","android","본문 전체 읽음","root-tests","계약 수정·실행 검증은 별도"
"android/gradlew.bat","configuration","android","본문 전체 읽음","root-tests","계약 수정·실행 검증은 별도"
"android/settings.gradle.kts","configuration","android","본문 전체 읽음","root-tests","계약 수정·실행 검증은 별도"
"contracts/fixtures/operations/scheduled-job-definitions.v1.json","contract","wire-contract","본문 전체 읽음","root-tests","계약 수정·실행 검증은 별도"
"contracts/fixtures/operations/scheduled-jobs.v1.json","contract","wire-contract","본문 전체 읽음","root-tests","계약 수정·실행 검증은 별도"
"contracts/fixtures/payment-capture/android-provider-parser-golden.v1.json","contract","wire-contract","본문 전체 읽음","root-tests","계약 수정·실행 검증은 별도"
"contracts/fixtures/payment-capture/android-raw-notification.v1.json","contract","wire-contract","본문 전체 읽음","root-tests","계약 수정·실행 검증은 별도"
"contracts/fixtures/payment-capture/capture-envelope.v1.json","contract","wire-contract","본문 전체 읽음","root-tests","계약 수정·실행 검증은 별도"
"contracts/fixtures/payment-capture/city-gas-parser-golden.v1.json","contract","wire-contract","본문 전체 읽음","root-tests","계약 수정·실행 검증은 별도"
"contracts/fixtures/payment-capture/payment-occurrence-year.v1.json","contract","wire-contract","본문 전체 읽음","root-tests","계약 수정·실행 검증은 별도"
"contracts/fixtures/payment-capture/shortcut-parser-golden.v1.json","contract","wire-contract","본문 전체 읽음","root-tests","계약 수정·실행 검증은 별도"
"contracts/fixtures/payment-capture/shortcut-payment-wire.v1.json","contract","wire-contract","본문 전체 읽음","root-tests","계약 수정·실행 검증은 별도"
"contracts/fixtures/portfolio/portfolio-household-queries.v1.json","contract","wire-contract","본문 전체 읽음","root-tests","계약 수정·실행 검증은 별도"
"contracts/fixtures/system/category-compatibility.v1.json","contract","wire-contract","본문 전체 읽음","root-tests","계약 수정·실행 검증은 별도"
"contracts/fixtures/system/household-command-manifest.v1.json","contract","wire-contract","본문 전체 읽음","root-tests","계약 수정·실행 검증은 별도"
"contracts/fixtures/system/household-command.v1.json","contract","wire-contract","본문 전체 읽음","root-tests","계약 수정·실행 검증은 별도"
"contracts/fixtures/system/household-query-manifest.v1.json","contract","wire-contract","본문 전체 읽음","root-tests","계약 수정·실행 검증은 별도"
"contracts/fixtures/system/household-query.v1.json","contract","wire-contract","본문 전체 읽음","root-tests","계약 수정·실행 검증은 별도"
"contracts/schemas/operations/scheduled-job-definitions.v1.schema.json","contract","wire-contract","본문 전체 읽음","root-tests","계약 수정·실행 검증은 별도"
"contracts/schemas/operations/scheduled-job-manifest.v1.schema.json","contract","wire-contract","본문 전체 읽음","root-tests","계약 수정·실행 검증은 별도"
"contracts/schemas/payment-capture/android-raw-notification.v1.schema.json","contract","wire-contract","본문 전체 읽음","root-tests","계약 수정·실행 검증은 별도"
"contracts/schemas/payment-capture/capture-envelope.v1.schema.json","contract","wire-contract","본문 전체 읽음","root-tests","계약 수정·실행 검증은 별도"
"contracts/schemas/payment-capture/payment-occurrence-year.v1.schema.json","contract","wire-contract","본문 전체 읽음","root-tests","계약 수정·실행 검증은 별도"
"contracts/schemas/payment-capture/shortcut-payment-request.v1.schema.json","contract","wire-contract","본문 전체 읽음","root-tests","계약 수정·실행 검증은 별도"
"contracts/schemas/payment-capture/shortcut-payment-response.v1.schema.json","contract","wire-contract","본문 전체 읽음","root-tests","계약 수정·실행 검증은 별도"
"contracts/schemas/portfolio/portfolio-household-query-payloads.v1.schema.json","contract","wire-contract","본문 전체 읽음","root-tests","계약 수정·실행 검증은 별도"
"contracts/schemas/portfolio/portfolio-household-query-results.v1.schema.json","contract","wire-contract","본문 전체 읽음","root-tests","계약 수정·실행 검증은 별도"
"contracts/schemas/system/household-command-manifest.v1.schema.json","contract","wire-contract","본문 전체 읽음","root-tests","계약 수정·실행 검증은 별도"
"contracts/schemas/system/household-command-response.v1.schema.json","contract","wire-contract","본문 전체 읽음","root-tests","계약 수정·실행 검증은 별도"
"contracts/schemas/system/household-command.v1.schema.json","contract","wire-contract","본문 전체 읽음","root-tests","계약 수정·실행 검증은 별도"
"contracts/schemas/system/household-query-manifest.v1.schema.json","contract","wire-contract","본문 전체 읽음","root-tests","계약 수정·실행 검증은 별도"
"contracts/schemas/system/household-query-response.v1.schema.json","contract","wire-contract","본문 전체 읽음","root-tests","계약 수정·실행 검증은 별도"
"contracts/schemas/system/household-query.v1.schema.json","contract","wire-contract","본문 전체 읽음","root-tests","계약 수정·실행 검증은 별도"
"firebase.e2e.json","configuration","delivery-configuration","본문 전체 읽음","root-tests","계약 수정·실행 검증은 별도"
"firebase.json","configuration","delivery-configuration","본문 전체 읽음","root-tests","계약 수정·실행 검증은 별도"
"firestore.indexes.json","configuration","delivery-configuration","본문 전체 읽음","root-tests","계약 수정·실행 검증은 별도"
"firestore.rules","configuration","delivery-configuration","본문 전체 읽음","platform","계약 수정·실행 검증은 별도"
"functions-access-session/index.js","configuration","delivery-configuration","본문 전체 읽음","root-tests","계약 수정·실행 검증은 별도"
"functions-access-session/package.json","configuration","delivery-configuration","본문 전체 읽음","root-tests","계약 수정·실행 검증은 별도"
"functions-payment-capture/index.js","configuration","delivery-configuration","본문 전체 읽음","root-tests","계약 수정·실행 검증은 별도"
"functions-payment-capture/package.json","configuration","delivery-configuration","본문 전체 읽음","root-tests","계약 수정·실행 검증은 별도"
"functions/package.json","configuration","server-platform","본문 전체 읽음","root config read","계약 수정·실행 검증은 별도"
"functions/scripts/access-operations.mjs","tool","server-platform","본문 전체 읽음","tooling","계약 수정·실행 검증은 별도"
"functions/scripts/backfill-firestore-ttl.mjs","tool","server-platform","본문 전체 읽음","tooling","계약 수정·실행 검증은 별도"
"functions/scripts/backfill-scheduled-job-statuses.mjs","tool","server-platform","본문 전체 읽음","tooling","계약 수정·실행 검증은 별도"
"functions/scripts/cleanup-consolidated-storage.mjs","tool","server-platform","본문 전체 읽음","tooling","계약 수정·실행 검증은 별도"
"functions/scripts/consolidate-storage.mjs","tool","server-platform","본문 전체 읽음","tooling","계약 수정·실행 검증은 별도"
"functions/scripts/deploy-firebase.d.mts","tool","server-platform","본문 전체 읽음","tooling","계약 수정·실행 검증은 별도"
"functions/scripts/deploy-firebase.mjs","tool","server-platform","본문 전체 읽음","tooling","계약 수정·실행 검증은 별도"
"functions/scripts/firebase-deploy-scope.d.mts","tool","server-platform","본문 전체 읽음","tooling","계약 수정·실행 검증은 별도"
"functions/scripts/firebase-deploy-scope.mjs","tool","server-platform","본문 전체 읽음","platform; tooling","계약 수정·실행 검증은 별도"
"functions/scripts/migrate-asset-history.mjs","tool","server-platform","본문 전체 읽음","tooling","계약 수정·실행 검증은 별도"
"functions/scripts/migrate-runtime.mjs","tool","server-platform","본문 전체 읽음","tooling","계약 수정·실행 검증은 별도"
"functions/scripts/prepare-smoke-session.cjs","tool","server-platform","본문 전체 읽음","tooling","계약 수정·실행 검증은 별도"
"functions/scripts/reconcile-runtime.mjs","tool","server-platform","본문 전체 읽음","tooling","계약 수정·실행 검증은 별도"
"functions/scripts/run-with-emulator-secret.mjs","tool","server-platform","본문 전체 읽음","tooling","계약 수정·실행 검증은 별도"
"functions/scripts/set-system-admin-claim.mjs","tool","server-platform","본문 전체 읽음","tooling","계약 수정·실행 검증은 별도"
"functions/scripts/storage-consolidation-ledger.mjs","tool","server-platform","본문 전체 읽음","tooling","계약 수정·실행 검증은 별도"
"functions/scripts/storage-consolidation-payment.mjs","tool","server-platform","본문 전체 읽음","tooling","계약 수정·실행 검증은 별도"
"functions/scripts/storage-consolidation-portfolio.mjs","tool","server-platform","본문 전체 읽음","tooling","계약 수정·실행 검증은 별도"
"functions/src/adapters/crypto/payment-capture/sha256AndroidRawNotificationHasher.ts","runtime","server-platform","본문 전체 읽음","server-boundaries","계약 수정·실행 검증은 별도"
"functions/src/adapters/crypto/payment-capture/verifiedRawCaptureFingerprint.ts","runtime","server-platform","본문 전체 읽음","server-boundaries","계약 수정·실행 검증은 별도"
"functions/src/adapters/firebase/access/firebaseAccessPersistence.ts","runtime","server-platform","본문 전체 읽음","platform","계약 수정·실행 검증은 별도"
"functions/src/adapters/firebase/access/firebaseAdminHouseholdStore.ts","runtime","server-platform","본문 전체 읽음","platform","계약 수정·실행 검증은 별도"
"functions/src/adapters/firebase/access/firebaseAssetOwnerProfileStore.ts","runtime","server-platform","본문 전체 읽음","platform","계약 수정·실행 검증은 별도"
"functions/src/adapters/firebase/access/firebaseGoogleOnboardingStore.ts","runtime","server-platform","본문 전체 읽음","platform","계약 수정·실행 검증은 별도"
"functions/src/adapters/firebase/access/firebaseHouseholdClaimLifecycle.ts","runtime","server-platform","본문 전체 읽음","platform","계약 수정·실행 검증은 별도"
"functions/src/adapters/firebase/access/firebaseHouseholdLifecycleUnitOfWork.ts","runtime","server-platform","본문 전체 읽음","platform","계약 수정·실행 검증은 별도"
"functions/src/adapters/firebase/access/firebaseHouseholdPurgeUnitOfWork.ts","runtime","server-platform","본문 전체 읽음","platform","계약 수정·실행 검증은 별도"
"functions/src/adapters/firebase/access/firebaseLegacyMembershipStore.ts","runtime","server-platform","본문 전체 읽음","platform","계약 수정·실행 검증은 별도"
"functions/src/adapters/firebase/access/firebaseMemberLifecycleUnitOfWork.ts","runtime","server-platform","본문 전체 읽음","platform","계약 수정·실행 검증은 별도"
"functions/src/adapters/firebase/access/firebaseMemberRenameStore.ts","runtime","server-platform","본문 전체 읽음","platform","계약 수정·실행 검증은 별도"
"functions/src/adapters/firebase/access/firebasePrincipalMembershipClaim.ts","runtime","server-platform","본문 전체 읽음","platform","계약 수정·실행 검증은 별도"
"functions/src/adapters/firebase/access/firebaseSignedInUserResolver.ts","runtime","server-platform","본문 전체 읽음","platform","계약 수정·실행 검증은 별도"
"functions/src/adapters/firebase/access/legacyMembershipClaimConfiguration.ts","runtime","server-platform","본문 전체 읽음","platform","계약 수정·실행 검증은 별도"
"functions/src/adapters/firebase/admin/firebaseAdminDashboardReader.ts","runtime","server-platform","본문 전체 읽음","platform","계약 수정·실행 검증은 별도"
"functions/src/adapters/firebase/admin/firebaseBillingCostSummaryStore.ts","runtime","server-platform","본문 전체 읽음","platform","계약 수정·실행 검증은 별도"
"functions/src/adapters/firebase/categories/categoryCatalogDocument.ts","runtime","server-platform","본문 전체 읽음","finance","계약 수정·실행 검증은 별도"
"functions/src/adapters/firebase/categories/categoryReadMapping.ts","runtime","server-platform","본문 전체 읽음","finance","계약 수정·실행 검증은 별도"
"functions/src/adapters/firebase/categories/firebaseCategoryCatalogStore.ts","runtime","server-platform","본문 전체 읽음","finance","계약 수정·실행 검증은 별도"
"functions/src/adapters/firebase/categories/firebaseCategoryReferenceReader.ts","runtime","server-platform","본문 전체 읽음","finance","계약 수정·실행 검증은 별도"
"functions/src/adapters/firebase/commands/firebaseHouseholdCommandInfrastructure.ts","runtime","server-platform","본문 전체 읽음","platform","계약 수정·실행 검증은 별도"
"functions/src/adapters/firebase/dividends/firebaseDividendEventRuntimeRepository.ts","runtime","server-platform","본문 전체 읽음","finance","계약 수정·실행 검증은 별도"
"functions/src/adapters/firebase/dividends/firebaseDividendProviderObservation.ts","runtime","server-platform","본문 전체 읽음","finance","계약 수정·실행 검증은 별도"
"functions/src/adapters/firebase/home-preferences/firebaseHomePreferenceAtomicStore.ts","runtime","server-platform","본문 전체 읽음","finance; platform","계약 수정·실행 검증은 별도"
"functions/src/adapters/firebase/ledger/firebaseItemSplitStore.ts","runtime","server-platform","본문 전체 읽음","finance","계약 수정·실행 검증은 별도"
"functions/src/adapters/firebase/ledger/firebaseLedgerCommandRepository.ts","runtime","server-platform","본문 전체 읽음","finance","계약 수정·실행 검증은 별도"
"functions/src/adapters/firebase/ledger/firebaseMonthlySplitLifecycleStore.ts","runtime","server-platform","본문 전체 읽음","finance","계약 수정·실행 검증은 별도"
"functions/src/adapters/firebase/ledger/firebaseTransformationLineageStore.ts","runtime","server-platform","본문 전체 읽음","finance","계약 수정·실행 검증은 별도"
"functions/src/adapters/firebase/ledger/ledgerDocumentMapping.ts","runtime","server-platform","본문 전체 읽음","finance","계약 수정·실행 검증은 별도"
"functions/src/adapters/firebase/local-currency/firebaseLocalCurrencyBalanceStore.ts","runtime","server-platform","본문 전체 읽음","finance","계약 수정·실행 검증은 별도"
"functions/src/adapters/firebase/migration/collectors/financeRuntimeMigrationCollector.ts","runtime","server-platform","본문 전체 읽음","platform","계약 수정·실행 검증은 별도"
"functions/src/adapters/firebase/migration/collectors/paymentConfigurationRuntimeMigrationCollector.ts","runtime","server-platform","본문 전체 읽음","platform","계약 수정·실행 검증은 별도"
"functions/src/adapters/firebase/migration/collectors/portfolioAssetRuntimeMigrationCollector.ts","runtime","server-platform","본문 전체 읽음","platform","계약 수정·실행 검증은 별도"
"functions/src/adapters/firebase/migration/collectors/portfolioPositionRuntimeMigrationCollector.ts","runtime","server-platform","본문 전체 읽음","platform","계약 수정·실행 검증은 별도"
"functions/src/adapters/firebase/migration/collectors/preferencesRuntimeMigrationCollector.ts","runtime","server-platform","본문 전체 읽음","platform","계약 수정·실행 검증은 별도"
"functions/src/adapters/firebase/migration/collectors/runtimeMigrationCollectorContract.ts","runtime","server-platform","본문 전체 읽음","platform","계약 수정·실행 검증은 별도"
"functions/src/adapters/firebase/migration/firebaseRuntimeMigrationPersistence.ts","runtime","server-platform","본문 전체 읽음","platform","계약 수정·실행 검증은 별도"
"functions/src/adapters/firebase/migration/firebaseRuntimeMigrationPlanBuilder.ts","runtime","server-platform","본문 전체 읽음","platform","계약 수정·실행 검증은 별도"
"functions/src/adapters/firebase/notifications/firebaseMobileEndpointRegistrationStore.ts","runtime","server-platform","본문 전체 읽음","capture","계약 수정·실행 검증은 별도"
"functions/src/adapters/firebase/notifications/firebaseNotificationDeliveryAdapters.ts","runtime","server-platform","본문 전체 읽음","capture","계약 수정·실행 검증은 별도"
"functions/src/adapters/firebase/notifications/firebaseNotificationHouseholdPurgeStore.ts","runtime","server-platform","본문 전체 읽음","capture","계약 수정·실행 검증은 별도"
"functions/src/adapters/firebase/notifications/firebaseNotificationMemberCleanupStore.ts","runtime","server-platform","본문 전체 읽음","capture","계약 수정·실행 검증은 별도"
"functions/src/adapters/firebase/notifications/firebaseNotificationReconciliation.ts","runtime","server-platform","본문 전체 읽음","capture","계약 수정·실행 검증은 별도"
"functions/src/adapters/firebase/operations/firebaseDeploymentProvenance.ts","runtime","server-platform","본문 전체 읽음","platform","계약 수정·실행 검증은 별도"
"functions/src/adapters/firebase/operations/firebaseExternalQueryQuota.ts","runtime","server-platform","본문 전체 읽음","platform","계약 수정·실행 검증은 별도"
"functions/src/adapters/firebase/operations/firebaseMemberAccessStore.ts","runtime","server-platform","본문 전체 읽음","platform","계약 수정·실행 검증은 별도"
"functions/src/adapters/firebase/operations/firebaseProviderHealth.ts","runtime","server-platform","본문 전체 읽음","platform","계약 수정·실행 검증은 별도"
"functions/src/adapters/firebase/operations/firebaseScheduledJobStores.ts","runtime","server-platform","본문 전체 읽음","platform","계약 수정·실행 검증은 별도"
"functions/src/adapters/firebase/operations/scheduledJobStatusSummary.ts","runtime","server-platform","본문 전체 읽음","platform","계약 수정·실행 검증은 별도"
"functions/src/adapters/firebase/outbox/firebaseTransactionalOutbox.ts","runtime","server-platform","본문 전체 읽음","server-boundaries","계약 수정·실행 검증은 별도"
"functions/src/adapters/firebase/payment-capture/androidRawNotificationDecoder.ts","runtime","server-platform","본문 전체 읽음","server-boundaries","계약 수정·실행 검증은 별도"
"functions/src/adapters/firebase/payment-capture/captureEnvelopeDecoder.ts","runtime","server-platform","본문 전체 읽음","server-boundaries","계약 수정·실행 검증은 별도"
"functions/src/adapters/firebase/payment-capture/firebaseCaptureConfigurationProjection.ts","runtime","server-platform","본문 전체 읽음","server-boundaries","계약 수정·실행 검증은 별도"
"functions/src/adapters/firebase/payment-capture/firebaseCaptureConfigurationQuery.ts","runtime","server-platform","본문 전체 읽음","capture","계약 수정·실행 검증은 별도"
"functions/src/adapters/firebase/payment-capture/firebaseCaptureLedgerPersistence.ts","runtime","server-platform","본문 전체 읽음","capture","계약 수정·실행 검증은 별도"
"functions/src/adapters/firebase/payment-capture/firebaseCaptureMembershipResolver.ts","runtime","server-platform","본문 전체 읽음","capture","계약 수정·실행 검증은 별도"
"functions/src/adapters/firebase/payment-capture/firebaseCaptureSubmissionReceiptStore.ts","runtime","server-platform","본문 전체 읽음","capture","계약 수정·실행 검증은 별도"
"functions/src/adapters/firebase/payment-capture/firebaseDiagnosticDocumentStore.ts","runtime","server-platform","본문 전체 읽음","server-boundaries","계약 수정·실행 검증은 별도"
"functions/src/adapters/firebase/payment-capture/firebaseShortcutCredentialInfrastructure.ts","runtime","server-platform","본문 전체 읽음","capture","계약 수정·실행 검증은 별도"
"functions/src/adapters/firebase/payment-capture/firebaseShortcutHttpInfrastructure.ts","runtime","server-platform","본문 전체 읽음","capture","계약 수정·실행 검증은 별도"
"functions/src/adapters/firebase/payment-capture/firebaseShortcutMessageDiagnostic.ts","runtime","server-platform","본문 전체 읽음","server-boundaries","계약 수정·실행 검증은 별도"
"functions/src/adapters/firebase/payment-capture/firebaseShortcutReceiptPurgePreflight.ts","runtime","server-platform","본문 전체 읽음","server-boundaries","계약 수정·실행 검증은 별도"
"functions/src/adapters/firebase/payment-capture/notificationDiagnosticDecoder.ts","runtime","server-platform","본문 전체 읽음","server-boundaries","계약 수정·실행 검증은 별도"
"functions/src/adapters/firebase/payment-configuration/firebaseMerchantRuleCategoryRemapper.ts","runtime","server-platform","본문 전체 읽음","capture","계약 수정·실행 검증은 별도"
"functions/src/adapters/firebase/payment-configuration/firebasePaymentConfigurationAtomicStore.ts","runtime","server-platform","본문 전체 읽음","capture","계약 수정·실행 검증은 별도"
"functions/src/adapters/firebase/payment-configuration/firebasePaymentConfigurationReferenceReader.ts","runtime","server-platform","본문 전체 읽음","capture","계약 수정·실행 검증은 별도"
"functions/src/adapters/firebase/payment-configuration/firebaseRememberMerchantRuleParticipant.ts","runtime","server-platform","본문 전체 읽음","capture","계약 수정·실행 검증은 별도"
"functions/src/adapters/firebase/portfolio/firebaseAssetAutomationRuntimeStore.ts","runtime","server-platform","본문 전체 읽음","finance","계약 수정·실행 검증은 별도"
"functions/src/adapters/firebase/portfolio/firebaseAssetLifecycleUnitOfWork.ts","runtime","server-platform","본문 전체 읽음","finance","계약 수정·실행 검증은 별도"
"functions/src/adapters/firebase/portfolio/firebaseAssetSnapshotProjection.ts","runtime","server-platform","본문 전체 읽음","finance","계약 수정·실행 검증은 별도"
"functions/src/adapters/firebase/portfolio/firebaseDividendHoldingQuery.ts","runtime","server-platform","본문 전체 읽음","finance","계약 수정·실행 검증은 별도"
"functions/src/adapters/firebase/portfolio/firebaseInstrumentCatalog.ts","runtime","server-platform","본문 전체 읽음","finance","계약 수정·실행 검증은 별도"
"functions/src/adapters/firebase/portfolio/firebaseMigratedPositionHistoryReader.ts","runtime","server-platform","본문 전체 읽음","finance","계약 수정·실행 검증은 별도"
"functions/src/adapters/firebase/portfolio/firebasePortfolioDividendProjectionReader.ts","runtime","server-platform","본문 전체 읽음","finance","계약 수정·실행 검증은 별도"
"functions/src/adapters/firebase/portfolio/firebasePortfolioInstrumentSearch.ts","runtime","server-platform","본문 전체 읽음","finance","계약 수정·실행 검증은 별도"
"functions/src/adapters/firebase/portfolio/firebasePortfolioMarketData.ts","runtime","server-platform","본문 전체 읽음","finance","계약 수정·실행 검증은 별도"
"functions/src/adapters/firebase/portfolio/firebasePortfolioProviderHealthStore.ts","runtime","server-platform","본문 전체 읽음","finance","계약 수정·실행 검증은 별도"
"functions/src/adapters/firebase/portfolio/firebasePortfolioQuoteObservations.ts","runtime","server-platform","본문 전체 읽음","finance","계약 수정·실행 검증은 별도"
"functions/src/adapters/firebase/portfolio/firebasePortfolioRefreshLease.ts","runtime","server-platform","본문 전체 읽음","finance","계약 수정·실행 검증은 별도"
"functions/src/adapters/firebase/portfolio/firebasePortfolioRuntimeDocuments.ts","runtime","server-platform","본문 전체 읽음","finance","계약 수정·실행 검증은 별도"
"functions/src/adapters/firebase/portfolio/firebasePortfolioRuntimeMappers.ts","runtime","server-platform","본문 전체 읽음","finance","계약 수정·실행 검증은 별도"
"functions/src/adapters/firebase/portfolio/firebasePortfolioRuntimeMutationWriter.ts","runtime","server-platform","본문 전체 읽음","finance","계약 수정·실행 검증은 별도"
"functions/src/adapters/firebase/portfolio/firebasePortfolioRuntimeStateLoader.ts","runtime","server-platform","본문 전체 읽음","finance","계약 수정·실행 검증은 별도"
"functions/src/adapters/firebase/portfolio/firebasePortfolioRuntimeStore.ts","runtime","server-platform","본문 전체 읽음","finance","계약 수정·실행 검증은 별도"
"functions/src/adapters/firebase/portfolio/firebasePortfolioRuntimeValues.ts","runtime","server-platform","본문 전체 읽음","finance","계약 수정·실행 검증은 별도"
"functions/src/adapters/firebase/recurring/firebaseRecurringCategoryRemapper.ts","runtime","server-platform","본문 전체 읽음","finance","계약 수정·실행 검증은 별도"
"functions/src/adapters/firebase/recurring/firebaseRecurringFinanceUnitOfWork.ts","runtime","server-platform","본문 전체 읽음","finance","계약 수정·실행 검증은 별도"
"functions/src/adapters/firebase/recurring/firebaseRecurringPlanManagementStore.ts","runtime","server-platform","본문 전체 읽음","finance","계약 수정·실행 검증은 별도"
"functions/src/adapters/firebase/shared/firebaseScopedPurgePage.ts","runtime","server-platform","본문 전체 읽음","platform","계약 수정·실행 검증은 별도"
"functions/src/adapters/firebase/shared/firestoreTtl.ts","runtime","server-platform","본문 전체 읽음","platform","계약 수정·실행 검증은 별도"
"functions/src/adapters/google-cloud/admin/googleCloudBillingCostReader.ts","runtime","server-platform","본문 전체 읽음","platform","계약 수정·실행 검증은 별도"
"functions/src/adapters/google-cloud/admin/googleCloudInteractiveLatencyReader.ts","runtime","server-platform","본문 전체 읽음","platform","계약 수정·실행 검증은 별도"
"functions/src/adapters/http/kindEtfDividendDisclosureSource.ts","runtime","server-platform","본문 전체 읽음","server-boundaries","계약 수정·실행 검증은 별도"
"functions/src/adapters/http/nodeExternalTextHttpTransport.ts","runtime","server-platform","본문 전체 읽음","platform","계약 수정·실행 검증은 별도"
"functions/src/bootstrap/admin/adminAccess.ts","runtime","server-platform","본문 전체 읽음","platform","계약 수정·실행 검증은 별도"
"functions/src/bootstrap/admin/firebaseAdminAccessHandlers.ts","runtime","server-platform","본문 전체 읽음","platform","계약 수정·실행 검증은 별도"
"functions/src/bootstrap/admin/handlers/adminAccessHandlerSupport.ts","runtime","server-platform","본문 전체 읽음","platform","계약 수정·실행 검증은 별도"
"functions/src/bootstrap/admin/handlers/adminAssetAccessHandlers.ts","runtime","server-platform","본문 전체 읽음","finance; platform","계약 수정·실행 검증은 별도"
"functions/src/bootstrap/admin/handlers/adminDashboardAccessHandlers.ts","runtime","server-platform","본문 전체 읽음","platform","계약 수정·실행 검증은 별도"
"functions/src/bootstrap/admin/handlers/adminHouseholdAccessHandlers.ts","runtime","server-platform","본문 전체 읽음","platform","계약 수정·실행 검증은 별도"
"functions/src/bootstrap/admin/handlers/adminMemberAccessHandlers.ts","runtime","server-platform","본문 전체 읽음","platform","계약 수정·실행 검증은 별도"
"functions/src/bootstrap/captureInteractiveLatency.ts","runtime","server-platform","본문 전체 읽음","platform","계약 수정·실행 검증은 별도"
"functions/src/bootstrap/commands/accessHouseholdCommandHandlers.ts","runtime","server-platform","본문 전체 읽음","platform","계약 수정·실행 검증은 별도"
"functions/src/bootstrap/commands/categoryHouseholdCommandHandlers.ts","runtime","server-platform","본문 전체 읽음","server-boundaries","계약 수정·실행 검증은 별도"
"functions/src/bootstrap/commands/homeHouseholdCommandHandlers.ts","runtime","server-platform","본문 전체 읽음","platform","계약 수정·실행 검증은 별도"
"functions/src/bootstrap/commands/householdCommand.ts","runtime","server-platform","본문 전체 읽음","platform","계약 수정·실행 검증은 별도"
"functions/src/bootstrap/commands/householdCommandManifest.ts","runtime","server-platform","본문 전체 읽음","platform","계약 수정·실행 검증은 별도"
"functions/src/bootstrap/commands/householdCommandPorts.ts","runtime","server-platform","본문 전체 읽음","platform","계약 수정·실행 검증은 별도"
"functions/src/bootstrap/commands/householdCommandRouter.ts","runtime","server-platform","본문 전체 읽음","platform","계약 수정·실행 검증은 별도"
"functions/src/bootstrap/commands/ledgerHouseholdCommandHandlers.ts","runtime","server-platform","본문 전체 읽음","server-boundaries","계약 수정·실행 검증은 별도"
"functions/src/bootstrap/commands/memberAccessHouseholdCommandHandlers.ts","runtime","server-platform","본문 전체 읽음","platform","계약 수정·실행 검증은 별도"
"functions/src/bootstrap/commands/notificationHouseholdCommandHandlers.ts","runtime","server-platform","본문 전체 읽음","capture","계약 수정·실행 검증은 별도"
"functions/src/bootstrap/commands/paymentConfigurationHouseholdCommandHandlers.ts","runtime","server-platform","본문 전체 읽음","server-boundaries","계약 수정·실행 검증은 별도"
"functions/src/bootstrap/commands/portfolioHouseholdCommandHandlers.ts","runtime","server-platform","본문 전체 읽음","server-boundaries","계약 수정·실행 검증은 별도"
"functions/src/bootstrap/commands/recurringHouseholdCommandHandlers.ts","runtime","server-platform","본문 전체 읽음","server-boundaries","계약 수정·실행 검증은 별도"
"functions/src/bootstrap/commands/shortcutCredentialHouseholdCommandHandlers.ts","runtime","server-platform","본문 전체 읽음","server-boundaries","계약 수정·실행 검증은 별도"
"functions/src/bootstrap/deploymentMarker.ts","runtime","server-platform","본문 전체 읽음","platform","계약 수정·실행 검증은 별도"
"functions/src/bootstrap/firebaseAdminAccess.ts","runtime","server-platform","본문 전체 읽음","platform","계약 수정·실행 검증은 별도"
"functions/src/bootstrap/firebaseAssetAutomationScheduledJob.ts","runtime","server-platform","본문 전체 읽음","platform","계약 수정·실행 검증은 별도"
"functions/src/bootstrap/firebaseAssetValuationScheduledJob.ts","runtime","server-platform","본문 전체 읽음","platform","계약 수정·실행 검증은 별도"
"functions/src/bootstrap/firebaseBillingCostScheduledJob.ts","runtime","server-platform","본문 전체 읽음","platform","계약 수정·실행 검증은 별도"
"functions/src/bootstrap/firebaseCaptureSubmission.ts","runtime","server-platform","본문 전체 읽음","server-boundaries","계약 수정·실행 검증은 별도"
"functions/src/bootstrap/firebaseDividendScheduledJob.ts","runtime","server-platform","본문 전체 읽음","platform","계약 수정·실행 검증은 별도"
"functions/src/bootstrap/firebaseFunctionFacade.ts","runtime","server-platform","본문 전체 읽음","platform","계약 수정·실행 검증은 별도"
"functions/src/bootstrap/firebaseHouseholdCommand.ts","runtime","server-platform","본문 전체 읽음","platform","계약 수정·실행 검증은 별도"
"functions/src/bootstrap/firebaseHouseholdQuery.ts","runtime","server-platform","본문 전체 읽음","platform","계약 수정·실행 검증은 별도"
"functions/src/bootstrap/firebaseNotificationDiagnostic.ts","runtime","server-platform","본문 전체 읽음","server-boundaries","계약 수정·실행 검증은 별도"
"functions/src/bootstrap/firebaseNotificationOutbox.ts","runtime","server-platform","본문 전체 읽음","capture","계약 수정·실행 검증은 별도"
"functions/src/bootstrap/firebaseScheduledJobs.ts","runtime","server-platform","본문 전체 읽음","platform","계약 수정·실행 검증은 별도"
"functions/src/bootstrap/firebaseShortcutHttp.ts","runtime","server-platform","본문 전체 읽음","capture","계약 수정·실행 검증은 별도"
"functions/src/bootstrap/firebaseWebViewSession.ts","runtime","server-platform","본문 전체 읽음","platform","계약 수정·실행 검증은 별도"
"functions/src/bootstrap/notificationOutboxLatency.ts","runtime","server-platform","본문 전체 읽음","platform","계약 수정·실행 검증은 별도"
"functions/src/bootstrap/operations/accessRecoveryRuntime.ts","runtime","server-platform","본문 전체 읽음","platform","계약 수정·실행 검증은 별도"
"functions/src/bootstrap/operations/householdPurgeRuntime.ts","runtime","server-platform","본문 전체 읽음","platform","계약 수정·실행 검증은 별도"
"functions/src/bootstrap/queries/accessHouseholdQueryHandlers.ts","runtime","server-platform","본문 전체 읽음","platform","계약 수정·실행 검증은 별도"
"functions/src/bootstrap/queries/householdQuery.ts","runtime","server-platform","본문 전체 읽음","platform","계약 수정·실행 검증은 별도"
"functions/src/bootstrap/queries/householdQueryManifest.ts","runtime","server-platform","본문 전체 읽음","platform","계약 수정·실행 검증은 별도"
"functions/src/bootstrap/queries/householdQueryRouter.ts","runtime","server-platform","본문 전체 읽음","platform","계약 수정·실행 검증은 별도"
"functions/src/bootstrap/queries/portfolioMarketHouseholdQueryHandlers.ts","runtime","server-platform","본문 전체 읽음","server-boundaries","계약 수정·실행 검증은 별도"
"functions/src/bootstrap/queries/shortcutCredentialHouseholdQueryHandlers.ts","runtime","server-platform","본문 전체 읽음","server-boundaries","계약 수정·실행 검증은 별도"
"functions/src/bootstrap/verifiedSystemAdministrator.ts","runtime","server-platform","본문 전체 읽음","platform","계약 수정·실행 검증은 별도"
"functions/src/config.ts","runtime","server-platform","본문 전체 읽음","server-boundaries","계약 수정·실행 검증은 별도"
"functions/src/contexts/access/admin-household-console/application/adminHouseholdConsoleApplication.ts","runtime","access/admin-household-console","본문 전체 읽음","platform","계약 수정·실행 검증은 별도"
"functions/src/contexts/access/admin-household-console/application/ports/in/adminHouseholdConsoleInputPort.ts","runtime","access/admin-household-console","본문 전체 읽음","platform","계약 수정·실행 검증은 별도"
"functions/src/contexts/access/admin-household-console/application/ports/out/adminHouseholdStorePort.ts","runtime","access/admin-household-console","본문 전체 읽음","platform","계약 수정·실행 검증은 별도"
"functions/src/contexts/access/admin-household-console/domain/model/adminHousehold.ts","runtime","access/admin-household-console","본문 전체 읽음","platform","계약 수정·실행 검증은 별도"
"functions/src/contexts/access/admin-household-console/domain/policies/adminHouseholdPolicy.ts","runtime","access/admin-household-console","본문 전체 읽음","platform","계약 수정·실행 검증은 별도"
"functions/src/contexts/access/asset-owner-profile/application/assetOwnerProfileApplication.ts","runtime","access/asset-owner-profile","본문 전체 읽음","platform","계약 수정·실행 검증은 별도"
"functions/src/contexts/access/asset-owner-profile/application/ports/in/assetOwnerProfileInputPort.ts","runtime","access/asset-owner-profile","본문 전체 읽음","platform","계약 수정·실행 검증은 별도"
"functions/src/contexts/access/asset-owner-profile/application/ports/out/assetOwnerProfileStorePort.ts","runtime","access/asset-owner-profile","본문 전체 읽음","platform","계약 수정·실행 검증은 별도"
"functions/src/contexts/access/asset-owner-profile/domain/model/assetOwnerProfile.ts","runtime","access/asset-owner-profile","본문 전체 읽음","platform","계약 수정·실행 검증은 별도"
"functions/src/contexts/access/asset-owner-profile/domain/policies/assetOwnerProfilePolicy.ts","runtime","access/asset-owner-profile","본문 전체 읽음","platform","계약 수정·실행 검증은 별도"
"functions/src/contexts/access/google-onboarding/application/googleOnboardingApplication.ts","runtime","access/google-onboarding","본문 전체 읽음","platform","계약 수정·실행 검증은 별도"
"functions/src/contexts/access/google-onboarding/application/ports/in/googleOnboardingInputPort.ts","runtime","access/google-onboarding","본문 전체 읽음","platform","계약 수정·실행 검증은 별도"
"functions/src/contexts/access/google-onboarding/application/ports/out/googleOnboardingStorePort.ts","runtime","access/google-onboarding","본문 전체 읽음","platform","계약 수정·실행 검증은 별도"
"functions/src/contexts/access/google-onboarding/domain/model/googleOnboarding.ts","runtime","access/google-onboarding","본문 전체 읽음","platform","계약 수정·실행 검증은 별도"
"functions/src/contexts/access/google-onboarding/domain/policies/googleOnboardingPolicy.ts","runtime","access/google-onboarding","본문 전체 읽음","platform","계약 수정·실행 검증은 별도"
"functions/src/contexts/access/household-lifecycle/application/householdLifecycleApplication.ts","runtime","access/household-lifecycle","본문 전체 읽음","platform","계약 수정·실행 검증은 별도"
"functions/src/contexts/access/household-lifecycle/application/ports/in/householdLifecycleInputPort.ts","runtime","access/household-lifecycle","본문 전체 읽음","platform","계약 수정·실행 검증은 별도"
"functions/src/contexts/access/household-lifecycle/application/ports/out/householdLifecyclePorts.ts","runtime","access/household-lifecycle","본문 전체 읽음","platform","계약 수정·실행 검증은 별도"
"functions/src/contexts/access/household-lifecycle/domain/model/householdLifecycle.ts","runtime","access/household-lifecycle","본문 전체 읽음","platform","계약 수정·실행 검증은 별도"
"functions/src/contexts/access/household-lifecycle/domain/policies/householdLifecyclePolicy.ts","runtime","access/household-lifecycle","본문 전체 읽음","platform","계약 수정·실행 검증은 별도"
"functions/src/contexts/access/household-purge-process/application/householdPurgeProcessApplication.ts","runtime","access/household-purge-process","본문 전체 읽음","platform","계약 수정·실행 검증은 별도"
"functions/src/contexts/access/household-purge-process/application/ports/in/householdPurgeProcessInputPort.ts","runtime","access/household-purge-process","본문 전체 읽음","platform","계약 수정·실행 검증은 별도"
"functions/src/contexts/access/household-purge-process/application/ports/out/householdPurgeProcessPorts.ts","runtime","access/household-purge-process","본문 전체 읽음","platform","계약 수정·실행 검증은 별도"
"functions/src/contexts/access/household-purge-process/domain/model/householdPurgeProcess.ts","runtime","access/household-purge-process","본문 전체 읽음","platform","계약 수정·실행 검증은 별도"
"functions/src/contexts/access/legacy-membership/application/legacyMembershipApplication.ts","runtime","access/legacy-membership","본문 전체 읽음","platform","계약 수정·실행 검증은 별도"
"functions/src/contexts/access/legacy-membership/application/ports/in/legacyMembershipInputPort.ts","runtime","access/legacy-membership","본문 전체 읽음","platform","계약 수정·실행 검증은 별도"
"functions/src/contexts/access/legacy-membership/application/ports/out/legacyMembershipStorePort.ts","runtime","access/legacy-membership","본문 전체 읽음","platform","계약 수정·실행 검증은 별도"
"functions/src/contexts/access/legacy-membership/domain/model/legacyMembership.ts","runtime","access/legacy-membership","본문 전체 읽음","platform","계약 수정·실행 검증은 별도"
"functions/src/contexts/access/legacy-membership/domain/policies/legacyMembershipPolicy.ts","runtime","access/legacy-membership","본문 전체 읽음","platform","계약 수정·실행 검증은 별도"
"functions/src/contexts/access/member-lifecycle/application/memberLifecycleApplication.ts","runtime","access/member-lifecycle","본문 전체 읽음","platform","계약 수정·실행 검증은 별도"
"functions/src/contexts/access/member-lifecycle/application/ports/in/memberLifecycleInputPort.ts","runtime","access/member-lifecycle","본문 전체 읽음","platform","계약 수정·실행 검증은 별도"
"functions/src/contexts/access/member-lifecycle/application/ports/out/memberLifecycleUnitOfWorkPort.ts","runtime","access/member-lifecycle","본문 전체 읽음","platform","계약 수정·실행 검증은 별도"
"functions/src/contexts/access/member-lifecycle/domain/model/memberLifecycle.ts","runtime","access/member-lifecycle","본문 전체 읽음","platform","계약 수정·실행 검증은 별도"
"functions/src/contexts/access/member-lifecycle/domain/policies/memberLifecyclePolicy.ts","runtime","access/member-lifecycle","본문 전체 읽음","platform","계약 수정·실행 검증은 별도"
"functions/src/contexts/access/member-rename/application/memberRenameApplication.ts","runtime","access/member-rename","본문 전체 읽음","platform","계약 수정·실행 검증은 별도"
"functions/src/contexts/access/member-rename/application/ports/in/memberRenameInputPort.ts","runtime","access/member-rename","본문 전체 읽음","platform","계약 수정·실행 검증은 별도"
"functions/src/contexts/access/member-rename/application/ports/out/memberRenameStorePort.ts","runtime","access/member-rename","본문 전체 읽음","platform","계약 수정·실행 검증은 별도"
"functions/src/contexts/access/member-rename/domain/model/memberRename.ts","runtime","access/member-rename","본문 전체 읽음","platform","계약 수정·실행 검증은 별도"
"functions/src/contexts/access/member-rename/domain/policies/memberRenamePolicy.ts","runtime","access/member-rename","본문 전체 읽음","platform","계약 수정·실행 검증은 별도"
"functions/src/contexts/access/membership/application/ports/in/verifiedAccessPrincipal.ts","runtime","access/membership","본문 전체 읽음","platform","계약 수정·실행 검증은 별도"
"functions/src/contexts/access/membership/domain/model/accessMembership.ts","runtime","access/membership","본문 전체 읽음","platform","계약 수정·실행 검증은 별도"
"functions/src/contexts/access/public.ts","runtime","access/public.ts","본문 전체 읽음","platform","계약 수정·실행 검증은 별도"
"functions/src/contexts/access/tenant-authorization/application/ports/in/tenantAuthorizationInputPort.ts","runtime","access/tenant-authorization","본문 전체 읽음","platform","계약 수정·실행 검증은 별도"
"functions/src/contexts/access/tenant-authorization/application/ports/out/tenantAuthorizationMembershipPort.ts","runtime","access/tenant-authorization","본문 전체 읽음","platform","계약 수정·실행 검증은 별도"
"functions/src/contexts/access/tenant-authorization/application/tenantAuthorizationApplication.ts","runtime","access/tenant-authorization","본문 전체 읽음","platform","계약 수정·실행 검증은 별도"
"functions/src/contexts/access/tenant-authorization/domain/model/tenantAuthorization.ts","runtime","access/tenant-authorization","본문 전체 읽음","platform","계약 수정·실행 검증은 별도"
"functions/src/contexts/access/tenant-authorization/domain/policies/tenantAuthorizationPolicy.ts","runtime","access/tenant-authorization","본문 전체 읽음","platform","계약 수정·실행 검증은 별도"
"functions/src/contexts/household-finance/categories-budget/application/categoryCatalogApplication.ts","runtime","household-finance/categories-budget","본문 전체 읽음","finance","계약 수정·실행 검증은 별도"
"functions/src/contexts/household-finance/categories-budget/application/ports/in/categoryCatalogInputPort.ts","runtime","household-finance/categories-budget","본문 전체 읽음","finance","계약 수정·실행 검증은 별도"
"functions/src/contexts/household-finance/categories-budget/application/ports/out/categoryCatalogStorePort.ts","runtime","household-finance/categories-budget","본문 전체 읽음","finance","계약 수정·실행 검증은 별도"
"functions/src/contexts/household-finance/categories-budget/application/ports/out/categoryReferenceRemapPort.ts","runtime","household-finance/categories-budget","본문 전체 읽음","finance","계약 수정·실행 검증은 별도"
"functions/src/contexts/household-finance/categories-budget/domain/model/categoryCatalog.ts","runtime","household-finance/categories-budget","본문 전체 읽음","finance","계약 수정·실행 검증은 별도"
"functions/src/contexts/household-finance/categories-budget/domain/policies/categoryCatalogPolicy.ts","runtime","household-finance/categories-budget","본문 전체 읽음","finance","계약 수정·실행 검증은 별도"
"functions/src/contexts/household-finance/categories-budget/public.ts","runtime","household-finance/categories-budget","본문 전체 읽음","finance","계약 수정·실행 검증은 별도"
"functions/src/contexts/household-finance/ledger/application/commands/basicLedgerService.ts","runtime","household-finance/ledger","본문 전체 읽음","finance","계약 수정·실행 검증은 별도"
"functions/src/contexts/household-finance/ledger/application/commands/cancelCapturedLineage.ts","runtime","household-finance/ledger","본문 전체 읽음","finance","계약 수정·실행 검증은 별도"
"functions/src/contexts/household-finance/ledger/application/commands/itemSplitRestorationService.ts","runtime","household-finance/ledger","본문 전체 읽음","finance","계약 수정·실행 검증은 별도"
"functions/src/contexts/household-finance/ledger/application/commands/monthlySplitLifecycleService.ts","runtime","household-finance/ledger","본문 전체 읽음","finance","계약 수정·실행 검증은 별도"
"functions/src/contexts/household-finance/ledger/application/commands/transformationLineageService.ts","runtime","household-finance/ledger","본문 전체 읽음","finance","계약 수정·실행 검증은 별도"
"functions/src/contexts/household-finance/ledger/application/ports/basicLedgerRepository.ts","runtime","household-finance/ledger","본문 전체 읽음","finance","계약 수정·실행 검증은 별도"
"functions/src/contexts/household-finance/ledger/application/ports/capturedLineageCancellationStore.ts","runtime","household-finance/ledger","본문 전체 읽음","finance","계약 수정·실행 검증은 별도"
"functions/src/contexts/household-finance/ledger/application/ports/itemSplitStore.ts","runtime","household-finance/ledger","본문 전체 읽음","finance","계약 수정·실행 검증은 별도"
"functions/src/contexts/household-finance/ledger/application/ports/monthlySplitLifecycleStore.ts","runtime","household-finance/ledger","본문 전체 읽음","finance","계약 수정·실행 검증은 별도"
"functions/src/contexts/household-finance/ledger/application/ports/out/ledgerReadSource.ts","runtime","household-finance/ledger","본문 전체 읽음","finance","계약 수정·실행 검증은 별도"
"functions/src/contexts/household-finance/ledger/application/ports/transformationLineageStore.ts","runtime","household-finance/ledger","본문 전체 읽음","finance","계약 수정·실행 검증은 별도"
"functions/src/contexts/household-finance/ledger/application/queries/ledgerPeriodQuery.ts","runtime","household-finance/ledger","본문 전체 읽음","finance","계약 수정·실행 검증은 별도"
"functions/src/contexts/household-finance/ledger/domain/model/capturedLineageCancellation.ts","runtime","household-finance/ledger","본문 전체 읽음","finance","계약 수정·실행 검증은 별도"
"functions/src/contexts/household-finance/ledger/domain/model/itemSplitRestoration.ts","runtime","household-finance/ledger","본문 전체 읽음","finance","계약 수정·실행 검증은 별도"
"functions/src/contexts/household-finance/ledger/domain/model/ledgerReadFact.ts","runtime","household-finance/ledger","본문 전체 읽음","finance","계약 수정·실행 검증은 별도"
"functions/src/contexts/household-finance/ledger/domain/model/ledgerTransaction.ts","runtime","household-finance/ledger","본문 전체 읽음","finance","계약 수정·실행 검증은 별도"
"functions/src/contexts/household-finance/ledger/domain/model/monthlySplitLifecycle.ts","runtime","household-finance/ledger","본문 전체 읽음","finance","계약 수정·실행 검증은 별도"
"functions/src/contexts/household-finance/ledger/domain/model/transformationLineage.ts","runtime","household-finance/ledger","본문 전체 읽음","finance","계약 수정·실행 검증은 별도"
"functions/src/contexts/household-finance/ledger/domain/policies/basicLedgerPolicy.ts","runtime","household-finance/ledger","본문 전체 읽음","finance","계약 수정·실행 검증은 별도"
"functions/src/contexts/household-finance/ledger/domain/policies/captureLineageCancellationGraph.ts","runtime","household-finance/ledger","본문 전체 읽음","finance","계약 수정·실행 검증은 별도"
"functions/src/contexts/household-finance/ledger/domain/policies/expenseTags.ts","runtime","household-finance/ledger","본문 전체 읽음","finance","계약 수정·실행 검증은 별도"
"functions/src/contexts/household-finance/ledger/domain/policies/ledgerReadSelection.ts","runtime","household-finance/ledger","본문 전체 읽음","finance","계약 수정·실행 검증은 별도"
"functions/src/contexts/household-finance/ledger/domain/policies/localCurrencyTypeCompatibility.ts","runtime","household-finance/ledger","본문 전체 읽음","finance","계약 수정·실행 검증은 별도"
"functions/src/contexts/household-finance/ledger/domain/policies/monthlySplit.ts","runtime","household-finance/ledger","본문 전체 읽음","finance","계약 수정·실행 검증은 별도"
"functions/src/contexts/household-finance/ledger/domain/policies/recurringPosting.ts","runtime","household-finance/ledger","본문 전체 읽음","finance","계약 수정·실행 검증은 별도"
"functions/src/contexts/household-finance/ledger/public.ts","runtime","household-finance/ledger","본문 전체 읽음","finance","계약 수정·실행 검증은 별도"
"functions/src/contexts/household-finance/local-currency/application/balanceObservationIntakeApplication.ts","runtime","household-finance/local-currency","본문 전체 읽음","finance","계약 수정·실행 검증은 별도"
"functions/src/contexts/household-finance/local-currency/application/localCurrencyBalanceApplication.ts","runtime","household-finance/local-currency","본문 전체 읽음","finance","계약 수정·실행 검증은 별도"
"functions/src/contexts/household-finance/local-currency/application/ports/in/balanceObservationIntakePort.ts","runtime","household-finance/local-currency","본문 전체 읽음","finance","계약 수정·실행 검증은 별도"
"functions/src/contexts/household-finance/local-currency/application/ports/in/localCurrencyBalancePort.ts","runtime","household-finance/local-currency","본문 전체 읽음","finance","계약 수정·실행 검증은 별도"
"functions/src/contexts/household-finance/local-currency/application/ports/outbound/localCurrencyBalanceStore.ts","runtime","household-finance/local-currency","본문 전체 읽음","finance","계약 수정·실행 검증은 별도"
"functions/src/contexts/household-finance/local-currency/domain/model/localCurrencyBalance.ts","runtime","household-finance/local-currency","본문 전체 읽음","finance","계약 수정·실행 검증은 별도"
"functions/src/contexts/household-finance/local-currency/domain/policies/balanceObservationEnvelope.ts","runtime","household-finance/local-currency","본문 전체 읽음","finance","계약 수정·실행 검증은 별도"
"functions/src/contexts/household-finance/local-currency/domain/policies/latestBalanceObservation.ts","runtime","household-finance/local-currency","본문 전체 읽음","finance","계약 수정·실행 검증은 별도"
"functions/src/contexts/household-finance/local-currency/public.ts","runtime","household-finance/local-currency","본문 전체 읽음","finance","계약 수정·실행 검증은 별도"
"functions/src/contexts/household-finance/recurring/application/ports/in/recurringCategoryRemapInputPort.ts","runtime","household-finance/recurring","본문 전체 읽음","finance","계약 수정·실행 검증은 별도"
"functions/src/contexts/household-finance/recurring/application/ports/in/recurringCreatorInputPort.ts","runtime","household-finance/recurring","본문 전체 읽음","finance","계약 수정·실행 검증은 별도"
"functions/src/contexts/household-finance/recurring/application/ports/in/recurringPlanManagementInputPort.ts","runtime","household-finance/recurring","본문 전체 읽음","finance","계약 수정·실행 검증은 별도"
"functions/src/contexts/household-finance/recurring/application/ports/in/recurringSchedulerWorkflowInputPort.ts","runtime","household-finance/recurring","본문 전체 읽음","finance","계약 수정·실행 검증은 별도"
"functions/src/contexts/household-finance/recurring/application/ports/out/recurringCategoryRemapPorts.ts","runtime","household-finance/recurring","본문 전체 읽음","finance","계약 수정·실행 검증은 별도"
"functions/src/contexts/household-finance/recurring/application/ports/out/recurringCreatorPorts.ts","runtime","household-finance/recurring","본문 전체 읽음","finance","계약 수정·실행 검증은 별도"
"functions/src/contexts/household-finance/recurring/application/ports/out/recurringPlanManagementPorts.ts","runtime","household-finance/recurring","본문 전체 읽음","finance","계약 수정·실행 검증은 별도"
"functions/src/contexts/household-finance/recurring/application/ports/out/recurringProcessingPorts.ts","runtime","household-finance/recurring","본문 전체 읽음","finance","계약 수정·실행 검증은 별도"
"functions/src/contexts/household-finance/recurring/application/recurringCategoryRemapApplication.ts","runtime","household-finance/recurring","본문 전체 읽음","finance","계약 수정·실행 검증은 별도"
"functions/src/contexts/household-finance/recurring/application/recurringCreatorApplication.ts","runtime","household-finance/recurring","본문 전체 읽음","finance","계약 수정·실행 검증은 별도"
"functions/src/contexts/household-finance/recurring/application/recurringPlanManagementApplication.ts","runtime","household-finance/recurring","본문 전체 읽음","finance","계약 수정·실행 검증은 별도"
"functions/src/contexts/household-finance/recurring/application/recurringSchedulerWorkflowApplication.ts","runtime","household-finance/recurring","본문 전체 읽음","finance","계약 수정·실행 검증은 별도"
"functions/src/contexts/household-finance/recurring/domain/model/recurringCategoryRemap.ts","runtime","household-finance/recurring","본문 전체 읽음","finance","계약 수정·실행 검증은 별도"
"functions/src/contexts/household-finance/recurring/domain/model/recurringPlan.ts","runtime","household-finance/recurring","본문 전체 읽음","finance","계약 수정·실행 검증은 별도"
"functions/src/contexts/household-finance/recurring/domain/model/recurringProcessing.ts","runtime","household-finance/recurring","본문 전체 읽음","finance","계약 수정·실행 검증은 별도"
"functions/src/contexts/household-finance/recurring/domain/policies/recurringCategoryRemapPolicy.ts","runtime","household-finance/recurring","본문 전체 읽음","finance","계약 수정·실행 검증은 별도"
"functions/src/contexts/household-finance/recurring/domain/policies/recurringPlanPolicy.ts","runtime","household-finance/recurring","본문 전체 읽음","finance","계약 수정·실행 검증은 별도"
"functions/src/contexts/household-finance/recurring/domain/policies/recurringProcessingPolicy.ts","runtime","household-finance/recurring","본문 전체 읽음","finance","계약 수정·실행 검증은 별도"
"functions/src/contexts/household-finance/recurring/domain/policies/recurringSchedule.ts","runtime","household-finance/recurring","본문 전체 읽음","finance","계약 수정·실행 검증은 별도"
"functions/src/contexts/household-finance/recurring/public.ts","runtime","household-finance/recurring","본문 전체 읽음","finance","계약 수정·실행 검증은 별도"
"functions/src/contexts/notifications/application/deliveryAssuranceApplication.ts","runtime","notifications/application","본문 전체 읽음","capture","계약 수정·실행 검증은 별도"
"functions/src/contexts/notifications/application/deliveryReconciliationApplication.ts","runtime","notifications/application","본문 전체 읽음","capture","계약 수정·실행 검증은 별도"
"functions/src/contexts/notifications/application/mobileFidRegistrationController.ts","runtime","notifications/application","본문 전체 읽음","capture","계약 수정·실행 검증은 별도"
"functions/src/contexts/notifications/application/notificationHouseholdPurgeApplication.ts","runtime","notifications/application","본문 전체 읽음","capture","계약 수정·실행 검증은 별도"
"functions/src/contexts/notifications/application/notificationOutboxDispatchApplication.ts","runtime","notifications/application","본문 전체 읽음","capture","계약 수정·실행 검증은 별도"
"functions/src/contexts/notifications/application/planNotificationTargets.ts","runtime","notifications/application","본문 전체 읽음","capture","계약 수정·실행 검증은 별도"
"functions/src/contexts/notifications/application/ports/in/deliveryAssurancePort.ts","runtime","notifications/application","본문 전체 읽음","server-boundaries","계약 수정·실행 검증은 별도"
"functions/src/contexts/notifications/application/ports/in/deliveryReconciliationPort.ts","runtime","notifications/application","본문 전체 읽음","server-boundaries","계약 수정·실행 검증은 별도"
"functions/src/contexts/notifications/application/ports/in/mobileFidRegistrationPort.ts","runtime","notifications/application","본문 전체 읽음","server-boundaries","계약 수정·실행 검증은 별도"
"functions/src/contexts/notifications/application/ports/in/notificationHouseholdPurgePort.ts","runtime","notifications/application","본문 전체 읽음","server-boundaries","계약 수정·실행 검증은 별도"
"functions/src/contexts/notifications/application/ports/outbound/deliveryAssurancePorts.ts","runtime","notifications/application","본문 전체 읽음","server-boundaries","계약 수정·실행 검증은 별도"
"functions/src/contexts/notifications/application/ports/outbound/deliveryReconciliationPorts.ts","runtime","notifications/application","본문 전체 읽음","server-boundaries","계약 수정·실행 검증은 별도"
"functions/src/contexts/notifications/application/ports/outbound/mobileEndpointRegistrationStore.ts","runtime","notifications/application","본문 전체 읽음","server-boundaries","계약 수정·실행 검증은 별도"
"functions/src/contexts/notifications/application/ports/outbound/notificationHouseholdPurgeStore.ts","runtime","notifications/application","본문 전체 읽음","server-boundaries","계약 수정·실행 검증은 별도"
"functions/src/contexts/notifications/domain/model/deliveryAssurance.ts","runtime","notifications/domain","본문 전체 읽음","server-boundaries","계약 수정·실행 검증은 별도"
"functions/src/contexts/notifications/domain/model/mobileNotificationEndpoint.ts","runtime","notifications/domain","본문 전체 읽음","server-boundaries","계약 수정·실행 검증은 별도"
"functions/src/contexts/notifications/domain/model/notificationTarget.ts","runtime","notifications/domain","본문 전체 읽음","server-boundaries","계약 수정·실행 검증은 별도"
"functions/src/contexts/notifications/domain/policies/activeEndpointFanoutPolicy.ts","runtime","notifications/domain","본문 전체 읽음","capture","계약 수정·실행 검증은 별도"
"functions/src/contexts/notifications/domain/policies/deliveryOutcomePolicy.ts","runtime","notifications/domain","본문 전체 읽음","capture","계약 수정·실행 검증은 별도"
"functions/src/contexts/notifications/domain/policies/endpointInactivationPolicy.ts","runtime","notifications/domain","본문 전체 읽음","capture","계약 수정·실행 검증은 별도"
"functions/src/contexts/notifications/domain/policies/endpointRegistrationPolicy.ts","runtime","notifications/domain","본문 전체 읽음","capture","계약 수정·실행 검증은 별도"
"functions/src/contexts/notifications/domain/policies/householdNotificationRequestPolicy.ts","runtime","notifications/domain","본문 전체 읽음","capture","계약 수정·실행 검증은 별도"
"functions/src/contexts/notifications/domain/policies/mobileRegistrationCapability.ts","runtime","notifications/domain","본문 전체 읽음","capture","계약 수정·실행 검증은 별도"
"functions/src/contexts/notifications/domain/policies/notificationPurgePolicy.ts","runtime","notifications/domain","본문 전체 읽음","capture","계약 수정·실행 검증은 별도"
"functions/src/contexts/notifications/domain/policies/notificationRetentionPolicy.ts","runtime","notifications/domain","본문 전체 읽음","capture","계약 수정·실행 검증은 별도"
"functions/src/contexts/notifications/domain/policies/transactionCreatedNotificationPolicy.ts","runtime","notifications/domain","본문 전체 읽음","capture","계약 수정·실행 검증은 별도"
"functions/src/contexts/notifications/public.ts","runtime","notifications/public.ts","본문 전체 읽음","server-boundaries","계약 수정·실행 검증은 별도"
"functions/src/contexts/payment-capture/android-payment-ingestion/application/androidProviderParserApplication.ts","runtime","payment-capture/android-payment-ingestion","본문 전체 읽음","capture; server-boundaries","계약 수정·실행 검증은 별도"
"functions/src/contexts/payment-capture/android-payment-ingestion/application/androidRawNotificationSubmissionApplication.ts","runtime","payment-capture/android-payment-ingestion","본문 전체 읽음","capture","계약 수정·실행 검증은 별도"
"functions/src/contexts/payment-capture/android-payment-ingestion/application/captureBranchSubmissionApplication.ts","runtime","payment-capture/android-payment-ingestion","본문 전체 읽음","capture","계약 수정·실행 검증은 별도"
"functions/src/contexts/payment-capture/android-payment-ingestion/application/captureSubmissionApplication.ts","runtime","payment-capture/android-payment-ingestion","본문 전체 읽음","capture","계약 수정·실행 검증은 별도"
"functions/src/contexts/payment-capture/android-payment-ingestion/application/captureSubmissionAuthorization.ts","runtime","payment-capture/android-payment-ingestion","본문 전체 읽음","capture","계약 수정·실행 검증은 별도"
"functions/src/contexts/payment-capture/android-payment-ingestion/application/captureTransactionGatewayApplication.ts","runtime","payment-capture/android-payment-ingestion","본문 전체 읽음","capture","계약 수정·실행 검증은 별도"
"functions/src/contexts/payment-capture/android-payment-ingestion/application/diagnosticRetentionApplication.ts","runtime","payment-capture/android-payment-ingestion","본문 전체 읽음","server-boundaries","계약 수정·실행 검증은 별도"
"functions/src/contexts/payment-capture/android-payment-ingestion/application/ports/in/androidProviderParserInputPort.ts","runtime","payment-capture/android-payment-ingestion","본문 전체 읽음","server-boundaries","계약 수정·실행 검증은 별도"
"functions/src/contexts/payment-capture/android-payment-ingestion/application/ports/in/androidRawNotificationSubmissionInputPort.ts","runtime","payment-capture/android-payment-ingestion","본문 전체 읽음","server-boundaries","계약 수정·실행 검증은 별도"
"functions/src/contexts/payment-capture/android-payment-ingestion/application/ports/in/captureAuthorizationInputPort.ts","runtime","payment-capture/android-payment-ingestion","본문 전체 읽음","server-boundaries","계약 수정·실행 검증은 별도"
"functions/src/contexts/payment-capture/android-payment-ingestion/application/ports/in/captureBranchSubmissionInputPort.ts","runtime","payment-capture/android-payment-ingestion","본문 전체 읽음","server-boundaries","계약 수정·실행 검증은 별도"
"functions/src/contexts/payment-capture/android-payment-ingestion/application/ports/in/captureSubmissionInputPort.ts","runtime","payment-capture/android-payment-ingestion","본문 전체 읽음","server-boundaries","계약 수정·실행 검증은 별도"
"functions/src/contexts/payment-capture/android-payment-ingestion/application/ports/in/cityGasParserInputPort.ts","runtime","payment-capture/android-payment-ingestion","본문 전체 읽음","server-boundaries","계약 수정·실행 검증은 별도"
"functions/src/contexts/payment-capture/android-payment-ingestion/application/ports/in/diagnosticRetentionInputPort.ts","runtime","payment-capture/android-payment-ingestion","본문 전체 읽음","server-boundaries","계약 수정·실행 검증은 별도"
"functions/src/contexts/payment-capture/android-payment-ingestion/application/ports/in/notificationIngressInputPort.ts","runtime","payment-capture/android-payment-ingestion","본문 전체 읽음","server-boundaries","계약 수정·실행 검증은 별도"
"functions/src/contexts/payment-capture/android-payment-ingestion/application/ports/in/smsParserOrderInputPort.ts","runtime","payment-capture/android-payment-ingestion","본문 전체 읽음","server-boundaries","계약 수정·실행 검증은 별도"
"functions/src/contexts/payment-capture/android-payment-ingestion/application/ports/out/androidRawNotificationHashPort.ts","runtime","payment-capture/android-payment-ingestion","본문 전체 읽음","server-boundaries","계약 수정·실행 검증은 별도"
"functions/src/contexts/payment-capture/android-payment-ingestion/application/ports/out/captureConfigurationQueryPort.ts","runtime","payment-capture/android-payment-ingestion","본문 전체 읽음","server-boundaries","계약 수정·실행 검증은 별도"
"functions/src/contexts/payment-capture/android-payment-ingestion/application/ports/out/captureLedgerPersistencePort.ts","runtime","payment-capture/android-payment-ingestion","본문 전체 읽음","server-boundaries","계약 수정·실행 검증은 별도"
"functions/src/contexts/payment-capture/android-payment-ingestion/application/ports/out/captureSubmissionReceiptPort.ts","runtime","payment-capture/android-payment-ingestion","본문 전체 읽음","server-boundaries","계약 수정·실행 검증은 별도"
"functions/src/contexts/payment-capture/android-payment-ingestion/application/ports/out/captureTransactionGatewayPort.ts","runtime","payment-capture/android-payment-ingestion","본문 전체 읽음","server-boundaries","계약 수정·실행 검증은 별도"
"functions/src/contexts/payment-capture/android-payment-ingestion/application/ports/out/diagnosticDocumentStore.ts","runtime","payment-capture/android-payment-ingestion","본문 전체 읽음","server-boundaries","계약 수정·실행 검증은 별도"
"functions/src/contexts/payment-capture/android-payment-ingestion/application/validateAndroidCaptureSource.ts","runtime","payment-capture/android-payment-ingestion","본문 전체 읽음","capture","계약 수정·실행 검증은 별도"
"functions/src/contexts/payment-capture/android-payment-ingestion/domain/model/androidProviderParser.ts","runtime","payment-capture/android-payment-ingestion","본문 전체 읽음","server-boundaries","계약 수정·실행 검증은 별도"
"functions/src/contexts/payment-capture/android-payment-ingestion/domain/model/cityGasBill.ts","runtime","payment-capture/android-payment-ingestion","본문 전체 읽음","server-boundaries","계약 수정·실행 검증은 별도"
"functions/src/contexts/payment-capture/android-payment-ingestion/domain/model/defaultPaymentSourceRegistry.ts","runtime","payment-capture/android-payment-ingestion","본문 전체 읽음","capture","계약 수정·실행 검증은 별도"
"functions/src/contexts/payment-capture/android-payment-ingestion/domain/model/notificationIngress.ts","runtime","payment-capture/android-payment-ingestion","본문 전체 읽음","server-boundaries","계약 수정·실행 검증은 별도"
"functions/src/contexts/payment-capture/android-payment-ingestion/domain/model/paymentSourceRegistry.ts","runtime","payment-capture/android-payment-ingestion","본문 전체 읽음","server-boundaries","계약 수정·실행 검증은 별도"
"functions/src/contexts/payment-capture/android-payment-ingestion/domain/model/smsParserOrder.ts","runtime","payment-capture/android-payment-ingestion","본문 전체 읽음","server-boundaries","계약 수정·실행 검증은 별도"
"functions/src/contexts/payment-capture/android-payment-ingestion/domain/parsers/androidProviderParserCatalog.ts","runtime","payment-capture/android-payment-ingestion","본문 전체 읽음","server-boundaries","계약 수정·실행 검증은 별도"
"functions/src/contexts/payment-capture/android-payment-ingestion/domain/parsers/cardProviderParsers.ts","runtime","payment-capture/android-payment-ingestion","본문 전체 읽음","server-boundaries","계약 수정·실행 검증은 별도"
"functions/src/contexts/payment-capture/android-payment-ingestion/domain/parsers/kakaoTalkFinancialMessageProviderParser.ts","runtime","payment-capture/android-payment-ingestion","본문 전체 읽음","server-boundaries","계약 수정·실행 검증은 별도"
"functions/src/contexts/payment-capture/android-payment-ingestion/domain/parsers/localCurrencyProviderParsers.ts","runtime","payment-capture/android-payment-ingestion","본문 전체 읽음","server-boundaries","계약 수정·실행 검증은 별도"
"functions/src/contexts/payment-capture/android-payment-ingestion/domain/parsers/providerParsingSupport.ts","runtime","payment-capture/android-payment-ingestion","본문 전체 읽음","server-boundaries","계약 수정·실행 검증은 별도"
"functions/src/contexts/payment-capture/android-payment-ingestion/domain/parsers/smsBillProviderParser.ts","runtime","payment-capture/android-payment-ingestion","본문 전체 읽음","server-boundaries","계약 수정·실행 검증은 별도"
"functions/src/contexts/payment-capture/android-payment-ingestion/domain/parsers/walletProviderParsers.ts","runtime","payment-capture/android-payment-ingestion","본문 전체 읽음","server-boundaries","계약 수정·실행 검증은 별도"
"functions/src/contexts/payment-capture/android-payment-ingestion/domain/policies/buildNotificationEnvelope.ts","runtime","payment-capture/android-payment-ingestion","본문 전체 읽음","server-boundaries","계약 수정·실행 검증은 별도"
"functions/src/contexts/payment-capture/android-payment-ingestion/domain/policies/capturedApprovalCancellation.ts","runtime","payment-capture/android-payment-ingestion","본문 전체 읽음","server-boundaries","계약 수정·실행 검증은 별도"
"functions/src/contexts/payment-capture/android-payment-ingestion/domain/policies/kakaoTalkPaymentKindPolicy.ts","runtime","payment-capture/android-payment-ingestion","본문 전체 읽음","server-boundaries","계약 수정·실행 검증은 별도"
"functions/src/contexts/payment-capture/android-payment-ingestion/domain/policies/parseCityGasBill.ts","runtime","payment-capture/android-payment-ingestion","본문 전체 읽음","server-boundaries","계약 수정·실행 검증은 별도"
"functions/src/contexts/payment-capture/android-payment-ingestion/domain/policies/recentNotificationCache.ts","runtime","payment-capture/android-payment-ingestion","본문 전체 읽음","server-boundaries","계약 수정·실행 검증은 별도"
"functions/src/contexts/payment-capture/android-payment-ingestion/domain/policies/resolveDiagnosticSource.ts","runtime","payment-capture/android-payment-ingestion","본문 전체 읽음","server-boundaries","계약 수정·실행 검증은 별도"
"functions/src/contexts/payment-capture/android-payment-ingestion/domain/policies/selectSmsParserByPriority.ts","runtime","payment-capture/android-payment-ingestion","본문 전체 읽음","server-boundaries","계약 수정·실행 검증은 별도"
"functions/src/contexts/payment-capture/android-payment-ingestion/domain/value-objects/cancellationEvidence.ts","runtime","payment-capture/android-payment-ingestion","본문 전체 읽음","server-boundaries","계약 수정·실행 검증은 별도"
"functions/src/contexts/payment-capture/android-payment-ingestion/domain/value-objects/localDate.ts","runtime","payment-capture/android-payment-ingestion","본문 전체 읽음","server-boundaries","계약 수정·실행 검증은 별도"
"functions/src/contexts/payment-capture/android-payment-ingestion/public.ts","runtime","payment-capture/android-payment-ingestion","본문 전체 읽음","server-boundaries","계약 수정·실행 검증은 별도"
"functions/src/contexts/payment-capture/configuration/application/enrichPaymentDraft.ts","runtime","payment-capture/configuration","본문 전체 읽음","capture","계약 수정·실행 검증은 별도"
"functions/src/contexts/payment-capture/configuration/application/merchantRuleCategoryArchiveApplication.ts","runtime","payment-capture/configuration","본문 전체 읽음","capture","계약 수정·실행 검증은 별도"
"functions/src/contexts/payment-capture/configuration/application/merchantRuleCategoryRemapApplication.ts","runtime","payment-capture/configuration","본문 전체 읽음","capture","계약 수정·실행 검증은 별도"
"functions/src/contexts/payment-capture/configuration/application/merchantRuleCommandApplication.ts","runtime","payment-capture/configuration","본문 전체 읽음","capture","계약 수정·실행 검증은 별도"
"functions/src/contexts/payment-capture/configuration/application/merchantRulePersistenceApplication.ts","runtime","payment-capture/configuration","본문 전체 읽음","capture","계약 수정·실행 검증은 별도"
"functions/src/contexts/payment-capture/configuration/application/paymentConfigurationRuntimeApplication.ts","runtime","payment-capture/configuration","본문 전체 읽음","server-boundaries","계약 수정·실행 검증은 별도"
"functions/src/contexts/payment-capture/configuration/application/ports/in/merchantRuleCategoryRemapInputPort.ts","runtime","payment-capture/configuration","본문 전체 읽음","server-boundaries","계약 수정·실행 검증은 별도"
"functions/src/contexts/payment-capture/configuration/application/ports/in/merchantRuleCommandInputPort.ts","runtime","payment-capture/configuration","본문 전체 읽음","server-boundaries","계약 수정·실행 검증은 별도"
"functions/src/contexts/payment-capture/configuration/application/ports/in/merchantRulePersistenceInputPort.ts","runtime","payment-capture/configuration","본문 전체 읽음","server-boundaries","계약 수정·실행 검증은 별도"
"functions/src/contexts/payment-capture/configuration/application/ports/in/registeredCardCommandBoundaryInputPort.ts","runtime","payment-capture/configuration","본문 전체 읽음","server-boundaries","계약 수정·실행 검증은 별도"
"functions/src/contexts/payment-capture/configuration/application/ports/in/rememberExistingTransactionInputPort.ts","runtime","payment-capture/configuration","본문 전체 읽음","server-boundaries","계약 수정·실행 검증은 별도"
"functions/src/contexts/payment-capture/configuration/application/ports/in/rememberMerchantRuleInputPort.ts","runtime","payment-capture/configuration","본문 전체 읽음","server-boundaries","계약 수정·실행 검증은 별도"
"functions/src/contexts/payment-capture/configuration/application/ports/out/merchantRuleCommandStorePort.ts","runtime","payment-capture/configuration","본문 전체 읽음","server-boundaries","계약 수정·실행 검증은 별도"
"functions/src/contexts/payment-capture/configuration/application/ports/out/paymentConfigurationAtomicStorePort.ts","runtime","payment-capture/configuration","본문 전체 읽음","server-boundaries","계약 수정·실행 검증은 별도"
"functions/src/contexts/payment-capture/configuration/application/registeredCardCommandBoundaryApplication.ts","runtime","payment-capture/configuration","본문 전체 읽음","capture","계약 수정·실행 검증은 별도"
"functions/src/contexts/payment-capture/configuration/application/rememberExistingTransactionApplication.ts","runtime","payment-capture/configuration","본문 전체 읽음","capture","계약 수정·실행 검증은 별도"
"functions/src/contexts/payment-capture/configuration/application/rememberExistingTransactionMutation.ts","runtime","payment-capture/configuration","본문 전체 읽음","capture","계약 수정·실행 검증은 별도"
"functions/src/contexts/payment-capture/configuration/application/rememberMerchantRuleApplication.ts","runtime","payment-capture/configuration","본문 전체 읽음","capture","계약 수정·실행 검증은 별도"
"functions/src/contexts/payment-capture/configuration/domain/model/merchantRuleSet.ts","runtime","payment-capture/configuration","본문 전체 읽음","server-boundaries","계약 수정·실행 검증은 별도"
"functions/src/contexts/payment-capture/configuration/domain/policies/merchantRuleClaims.ts","runtime","payment-capture/configuration","본문 전체 읽음","capture","계약 수정·실행 검증은 별도"
"functions/src/contexts/payment-capture/configuration/domain/policies/merchantRuleSelection.ts","runtime","payment-capture/configuration","본문 전체 읽음","capture","계약 수정·실행 검증은 별도"
"functions/src/contexts/payment-capture/configuration/domain/policies/ownCardResolution.ts","runtime","payment-capture/configuration","본문 전체 읽음","capture","계약 수정·실행 검증은 별도"
"functions/src/contexts/payment-capture/configuration/domain/policies/paymentDraftEnrichment.ts","runtime","payment-capture/configuration","본문 전체 읽음","capture","계약 수정·실행 검증은 별도"
"functions/src/contexts/payment-capture/configuration/domain/policies/rememberMerchantRule.ts","runtime","payment-capture/configuration","본문 전체 읽음","capture","계약 수정·실행 검증은 별도"
"functions/src/contexts/payment-capture/configuration/domain/value-objects/cardIdentity.ts","runtime","payment-capture/configuration","본문 전체 읽음","capture","계약 수정·실행 검증은 별도"
"functions/src/contexts/payment-capture/configuration/domain/value-objects/merchantKeyword.ts","runtime","payment-capture/configuration","본문 전체 읽음","capture","계약 수정·실행 검증은 별도"
"functions/src/contexts/payment-capture/configuration/public.ts","runtime","payment-capture/configuration","본문 전체 읽음","server-boundaries","계약 수정·실행 검증은 별도"
"functions/src/contexts/payment-capture/intake/domain/policies/paymentOccurrenceYear.ts","runtime","payment-capture/intake","본문 전체 읽음","capture","계약 수정·실행 검증은 별도"
"functions/src/contexts/payment-capture/intake/public.ts","runtime","payment-capture/intake","본문 전체 읽음","server-boundaries","계약 수정·실행 검증은 별도"
"functions/src/contexts/payment-capture/shortcut-ingestion/adapters/in/http/shortcutHttpInboundHandler.ts","runtime","payment-capture/shortcut-ingestion","본문 전체 읽음","capture","계약 수정·실행 검증은 별도"
"functions/src/contexts/payment-capture/shortcut-ingestion/application/ports/in/shortcutCardMessageParserInputPort.ts","runtime","payment-capture/shortcut-ingestion","본문 전체 읽음","server-boundaries","계약 수정·실행 검증은 별도"
"functions/src/contexts/payment-capture/shortcut-ingestion/application/ports/in/shortcutCredentialLifecycleInputPort.ts","runtime","payment-capture/shortcut-ingestion","본문 전체 읽음","server-boundaries","계약 수정·실행 검증은 별도"
"functions/src/contexts/payment-capture/shortcut-ingestion/application/ports/in/shortcutCredentialStorageInstallerInputPort.ts","runtime","payment-capture/shortcut-ingestion","본문 전체 읽음","server-boundaries","계약 수정·실행 검증은 별도"
"functions/src/contexts/payment-capture/shortcut-ingestion/application/ports/in/shortcutHttpRequestProcessorInputPort.ts","runtime","payment-capture/shortcut-ingestion","본문 전체 읽음","server-boundaries","계약 수정·실행 검증은 별도"
"functions/src/contexts/payment-capture/shortcut-ingestion/application/ports/in/shortcutValueNormalizerInputPort.ts","runtime","payment-capture/shortcut-ingestion","본문 전체 읽음","capture","계약 수정·실행 검증은 별도"
"functions/src/contexts/payment-capture/shortcut-ingestion/application/ports/out/shortcutCredentialLifecyclePorts.ts","runtime","payment-capture/shortcut-ingestion","본문 전체 읽음","server-boundaries","계약 수정·실행 검증은 별도"
"functions/src/contexts/payment-capture/shortcut-ingestion/application/ports/out/shortcutHttpInboundPorts.ts","runtime","payment-capture/shortcut-ingestion","본문 전체 읽음","server-boundaries","계약 수정·실행 검증은 별도"
"functions/src/contexts/payment-capture/shortcut-ingestion/application/shortcutCardMessageParserApplication.ts","runtime","payment-capture/shortcut-ingestion","본문 전체 읽음","capture; server-boundaries","계약 수정·실행 검증은 별도"
"functions/src/contexts/payment-capture/shortcut-ingestion/application/shortcutCredentialLifecycleApplication.ts","runtime","payment-capture/shortcut-ingestion","본문 전체 읽음","capture","계약 수정·실행 검증은 별도"
"functions/src/contexts/payment-capture/shortcut-ingestion/application/shortcutCredentialStorageInstallerApplication.ts","runtime","payment-capture/shortcut-ingestion","본문 전체 읽음","capture","계약 수정·실행 검증은 별도"
"functions/src/contexts/payment-capture/shortcut-ingestion/application/shortcutHttpRequestProcessorApplication.ts","runtime","payment-capture/shortcut-ingestion","본문 전체 읽음","capture","계약 수정·실행 검증은 별도"
"functions/src/contexts/payment-capture/shortcut-ingestion/domain/model/shortcutCardMessage.ts","runtime","payment-capture/shortcut-ingestion","본문 전체 읽음","server-boundaries","계약 수정·실행 검증은 별도"
"functions/src/contexts/payment-capture/shortcut-ingestion/domain/model/shortcutCredentialLifecycle.ts","runtime","payment-capture/shortcut-ingestion","본문 전체 읽음","server-boundaries","계약 수정·실행 검증은 별도"
"functions/src/contexts/payment-capture/shortcut-ingestion/domain/model/shortcutCredentialStorageInstaller.ts","runtime","payment-capture/shortcut-ingestion","본문 전체 읽음","server-boundaries","계약 수정·실행 검증은 별도"
"functions/src/contexts/payment-capture/shortcut-ingestion/domain/model/shortcutHttpInbound.ts","runtime","payment-capture/shortcut-ingestion","본문 전체 읽음","server-boundaries","계약 수정·실행 검증은 별도"
"functions/src/contexts/payment-capture/shortcut-ingestion/domain/model/shortcutValueNormalization.ts","runtime","payment-capture/shortcut-ingestion","본문 전체 읽음","server-boundaries","계약 수정·실행 검증은 별도"
"functions/src/contexts/payment-capture/shortcut-ingestion/domain/policies/createShortcutInstallation.ts","runtime","payment-capture/shortcut-ingestion","본문 전체 읽음","capture","계약 수정·실행 검증은 별도"
"functions/src/contexts/payment-capture/shortcut-ingestion/domain/policies/normalizeShortcutValue.ts","runtime","payment-capture/shortcut-ingestion","본문 전체 읽음","capture","계약 수정·실행 검증은 별도"
"functions/src/contexts/payment-capture/shortcut-ingestion/domain/policies/parseShortcutCardMessage.ts","runtime","payment-capture/shortcut-ingestion","본문 전체 읽음","server-boundaries","계약 수정·실행 검증은 별도"
"functions/src/contexts/payment-capture/shortcut-ingestion/domain/policies/resolveLegacyShortcutOwner.ts","runtime","payment-capture/shortcut-ingestion","본문 전체 읽음","capture","계약 수정·실행 검증은 별도"
"functions/src/contexts/payment-capture/shortcut-ingestion/domain/policies/shortcutCredentialAccess.ts","runtime","payment-capture/shortcut-ingestion","본문 전체 읽음","capture","계약 수정·실행 검증은 별도"
"functions/src/contexts/payment-capture/shortcut-ingestion/public.ts","runtime","payment-capture/shortcut-ingestion","본문 전체 읽음","server-boundaries","계약 수정·실행 검증은 별도"
"functions/src/contexts/portfolio/automation/application/assetAutomationScheduledApplication.ts","runtime","portfolio/automation","본문 전체 읽음","finance","계약 수정·실행 검증은 별도"
"functions/src/contexts/portfolio/automation/application/assetRestorationParticipant.ts","runtime","portfolio/automation","본문 전체 읽음","finance","계약 수정·실행 검증은 별도"
"functions/src/contexts/portfolio/automation/application/ports/in/assetAutomationExecution.ts","runtime","portfolio/automation","본문 전체 읽음","finance","계약 수정·실행 검증은 별도"
"functions/src/contexts/portfolio/automation/application/ports/in/loanRepaymentWorkflow.ts","runtime","portfolio/automation","본문 전체 읽음","finance","계약 수정·실행 검증은 별도"
"functions/src/contexts/portfolio/automation/application/ports/in/processDueAssetAutomation.ts","runtime","portfolio/automation","본문 전체 읽음","finance","계약 수정·실행 검증은 별도"
"functions/src/contexts/portfolio/automation/application/ports/out/assetAutomationExecutionPorts.ts","runtime","portfolio/automation","본문 전체 읽음","finance","계약 수정·실행 검증은 별도"
"functions/src/contexts/portfolio/automation/application/ports/out/assetAutomationRuntimePorts.ts","runtime","portfolio/automation","본문 전체 읽음","finance","계약 수정·실행 검증은 별도"
"functions/src/contexts/portfolio/automation/application/ports/out/loanRepaymentStore.ts","runtime","portfolio/automation","본문 전체 읽음","finance","계약 수정·실행 검증은 별도"
"functions/src/contexts/portfolio/automation/domain/model/assetAutomationConfiguration.ts","runtime","portfolio/automation","본문 전체 읽음","finance","계약 수정·실행 검증은 별도"
"functions/src/contexts/portfolio/automation/domain/model/assetAutomationExecution.ts","runtime","portfolio/automation","본문 전체 읽음","finance","계약 수정·실행 검증은 별도"
"functions/src/contexts/portfolio/automation/domain/model/assetAutomationRestoration.ts","runtime","portfolio/automation","본문 전체 읽음","finance","계약 수정·실행 검증은 별도"
"functions/src/contexts/portfolio/automation/domain/model/assetAutomationRuntime.ts","runtime","portfolio/automation","본문 전체 읽음","finance","계약 수정·실행 검증은 별도"
"functions/src/contexts/portfolio/automation/domain/model/loanRepaymentWorkflow.ts","runtime","portfolio/automation","본문 전체 읽음","finance","계약 수정·실행 검증은 별도"
"functions/src/contexts/portfolio/automation/domain/policies/assetAutomationConfiguration.ts","runtime","portfolio/automation","본문 전체 읽음","finance","계약 수정·실행 검증은 별도"
"functions/src/contexts/portfolio/automation/domain/policies/assetAutomationRestoration.ts","runtime","portfolio/automation","본문 전체 읽음","finance","계약 수정·실행 검증은 별도"
"functions/src/contexts/portfolio/automation/domain/policies/automationDueTasks.ts","runtime","portfolio/automation","본문 전체 읽음","finance","계약 수정·실행 검증은 별도"
"functions/src/contexts/portfolio/automation/domain/policies/effectivePaymentDate.ts","runtime","portfolio/automation","본문 전체 읽음","finance","계약 수정·실행 검증은 별도"
"functions/src/contexts/portfolio/automation/domain/policies/firstAutomationMonth.ts","runtime","portfolio/automation","본문 전체 읽음","finance","계약 수정·실행 검증은 별도"
"functions/src/contexts/portfolio/automation/domain/policies/loanPrincipalPayment.ts","runtime","portfolio/automation","본문 전체 읽음","finance","계약 수정·실행 검증은 별도"
"functions/src/contexts/portfolio/automation/domain/policies/savingsContribution.ts","runtime","portfolio/automation","본문 전체 읽음","finance","계약 수정·실행 검증은 별도"
"functions/src/contexts/portfolio/automation/domain/value-objects/loanRepaymentMethod.ts","runtime","portfolio/automation","본문 전체 읽음","finance","계약 수정·실행 검증은 별도"
"functions/src/contexts/portfolio/automation/domain/value-objects/localDate.ts","runtime","portfolio/automation","본문 전체 읽음","finance","계약 수정·실행 검증은 별도"
"functions/src/contexts/portfolio/automation/domain/value-objects/yearMonth.ts","runtime","portfolio/automation","본문 전체 읽음","finance","계약 수정·실행 검증은 별도"
"functions/src/contexts/portfolio/automation/public.ts","runtime","portfolio/automation","본문 전체 읽음","finance","계약 수정·실행 검증은 별도"
"functions/src/contexts/portfolio/core/application/assetLifecycleApplication.ts","runtime","portfolio/core","본문 전체 읽음","finance","계약 수정·실행 검증은 별도"
"functions/src/contexts/portfolio/core/application/assetSnapshotProjectionApplication.ts","runtime","portfolio/core","본문 전체 읽음","finance","계약 수정·실행 검증은 별도"
"functions/src/contexts/portfolio/core/application/portfolioAssetAutomationSynchronization.ts","runtime","portfolio/core","본문 전체 읽음","finance","계약 수정·실행 검증은 별도"
"functions/src/contexts/portfolio/core/application/portfolioAssetCommandApplication.ts","runtime","portfolio/core","본문 전체 읽음","finance","계약 수정·실행 검증은 별도"
"functions/src/contexts/portfolio/core/application/portfolioMarketRefreshApplication.ts","runtime","portfolio/core","본문 전체 읽음","finance","계약 수정·실행 검증은 별도"
"functions/src/contexts/portfolio/core/application/portfolioMarketRefreshPolicy.ts","runtime","portfolio/core","본문 전체 읽음","finance","계약 수정·실행 검증은 별도"
"functions/src/contexts/portfolio/core/application/portfolioPositionCommandApplication.ts","runtime","portfolio/core","본문 전체 읽음","finance","계약 수정·실행 검증은 별도"
"functions/src/contexts/portfolio/core/application/portfolioPositionPolicy.ts","runtime","portfolio/core","본문 전체 읽음","finance","계약 수정·실행 검증은 별도"
"functions/src/contexts/portfolio/core/application/portfolioRuntimeApplication.ts","runtime","portfolio/core","본문 전체 읽음","finance","계약 수정·실행 검증은 별도"
"functions/src/contexts/portfolio/core/application/portfolioRuntimeSupport.ts","runtime","portfolio/core","본문 전체 읽음","finance","계약 수정·실행 검증은 별도"
"functions/src/contexts/portfolio/core/application/portfolioRuntimeValuation.ts","runtime","portfolio/core","본문 전체 읽음","finance","계약 수정·실행 검증은 별도"
"functions/src/contexts/portfolio/core/application/ports/in/assetCreationInputPort.ts","runtime","portfolio/core","본문 전체 읽음","finance","계약 수정·실행 검증은 별도"
"functions/src/contexts/portfolio/core/application/ports/in/assetHistoryInputPort.ts","runtime","portfolio/core","본문 전체 읽음","finance","계약 수정·실행 검증은 별도"
"functions/src/contexts/portfolio/core/application/ports/in/assetLifecycleInputPort.ts","runtime","portfolio/core","본문 전체 읽음","finance","계약 수정·실행 검증은 별도"
"functions/src/contexts/portfolio/core/application/ports/in/assetOrderInputPort.ts","runtime","portfolio/core","본문 전체 읽음","finance","계약 수정·실행 검증은 별도"
"functions/src/contexts/portfolio/core/application/ports/in/assetSnapshotProjectionInputPort.ts","runtime","portfolio/core","본문 전체 읽음","finance","계약 수정·실행 검증은 별도"
"functions/src/contexts/portfolio/core/application/ports/out/assetCreationPorts.ts","runtime","portfolio/core","본문 전체 읽음","finance","계약 수정·실행 검증은 별도"
"functions/src/contexts/portfolio/core/application/ports/out/assetHistoryProjectionReader.ts","runtime","portfolio/core","본문 전체 읽음","finance","계약 수정·실행 검증은 별도"
"functions/src/contexts/portfolio/core/application/ports/out/assetLifecyclePorts.ts","runtime","portfolio/core","본문 전체 읽음","finance","계약 수정·실행 검증은 별도"
"functions/src/contexts/portfolio/core/application/ports/out/assetOrderUnitOfWork.ts","runtime","portfolio/core","본문 전체 읽음","finance","계약 수정·실행 검증은 별도"
"functions/src/contexts/portfolio/core/application/ports/out/assetSnapshotProjectionPorts.ts","runtime","portfolio/core","본문 전체 읽음","finance","계약 수정·실행 검증은 별도"
"functions/src/contexts/portfolio/core/application/ports/out/portfolioRuntimeStorePort.ts","runtime","portfolio/core","본문 전체 읽음","finance","계약 수정·실행 검증은 별도"
"functions/src/contexts/portfolio/core/application/queries/assetHistory.ts","runtime","portfolio/core","본문 전체 읽음","finance","계약 수정·실행 검증은 별도"
"functions/src/contexts/portfolio/core/domain/model/assetCreation.ts","runtime","portfolio/core","본문 전체 읽음","finance","계약 수정·실행 검증은 별도"
"functions/src/contexts/portfolio/core/domain/model/assetLifecycle.ts","runtime","portfolio/core","본문 전체 읽음","finance","계약 수정·실행 검증은 별도"
"functions/src/contexts/portfolio/core/domain/model/assetOrder.ts","runtime","portfolio/core","본문 전체 읽음","finance","계약 수정·실행 검증은 별도"
"functions/src/contexts/portfolio/core/domain/model/assetSnapshotProjection.ts","runtime","portfolio/core","본문 전체 읽음","finance","계약 수정·실행 검증은 별도"
"functions/src/contexts/portfolio/core/domain/model/dimensionedAssetHistory.ts","runtime","portfolio/core","본문 전체 읽음","finance","계약 수정·실행 검증은 별도"
"functions/src/contexts/portfolio/core/domain/policies/assetHistoryDimensions.ts","runtime","portfolio/core","본문 전체 읽음","finance","계약 수정·실행 검증은 별도"
"functions/src/contexts/portfolio/core/domain/policies/legacyAssetNormalization.ts","runtime","portfolio/core","본문 전체 읽음","finance","계약 수정·실행 검증은 별도"
"functions/src/contexts/portfolio/core/domain/policies/portfolioTotals.ts","runtime","portfolio/core","본문 전체 읽음","finance","계약 수정·실행 검증은 별도"
"functions/src/contexts/portfolio/core/public.ts","runtime","portfolio/core","본문 전체 읽음","finance","계약 수정·실행 검증은 별도"
"functions/src/contexts/portfolio/dividends/application/dividendScheduledRuntimeApplication.ts","runtime","portfolio/dividends","본문 전체 읽음","finance","계약 수정·실행 검증은 별도"
"functions/src/contexts/portfolio/dividends/application/ports/in/dividendDiscovery.ts","runtime","portfolio/dividends","본문 전체 읽음","finance","계약 수정·실행 검증은 별도"
"functions/src/contexts/portfolio/dividends/application/ports/in/dividendLifecycle.ts","runtime","portfolio/dividends","본문 전체 읽음","finance","계약 수정·실행 검증은 별도"
"functions/src/contexts/portfolio/dividends/application/ports/in/dividendProjectionWriter.ts","runtime","portfolio/dividends","본문 전체 읽음","finance","계약 수정·실행 검증은 별도"
"functions/src/contexts/portfolio/dividends/application/ports/in/dividendReadPolicies.ts","runtime","portfolio/dividends","본문 전체 읽음","finance","계약 수정·실행 검증은 별도"
"functions/src/contexts/portfolio/dividends/application/ports/in/dividendRefreshJob.ts","runtime","portfolio/dividends","본문 전체 읽음","finance","계약 수정·실행 검증은 별도"
"functions/src/contexts/portfolio/dividends/application/ports/in/dividendSweepRecovery.ts","runtime","portfolio/dividends","본문 전체 읽음","finance","계약 수정·실행 검증은 별도"
"functions/src/contexts/portfolio/dividends/application/ports/out/dividendDiscoveryPorts.ts","runtime","portfolio/dividends","본문 전체 읽음","finance","계약 수정·실행 검증은 별도"
"functions/src/contexts/portfolio/dividends/application/ports/out/dividendLifecyclePorts.ts","runtime","portfolio/dividends","본문 전체 읽음","finance","계약 수정·실행 검증은 별도"
"functions/src/contexts/portfolio/dividends/application/ports/out/dividendProjectionStore.ts","runtime","portfolio/dividends","본문 전체 읽음","finance","계약 수정·실행 검증은 별도"
"functions/src/contexts/portfolio/dividends/application/ports/out/dividendRefreshJobPorts.ts","runtime","portfolio/dividends","본문 전체 읽음","finance","계약 수정·실행 검증은 별도"
"functions/src/contexts/portfolio/dividends/application/ports/out/dividendScheduledRuntimePorts.ts","runtime","portfolio/dividends","본문 전체 읽음","finance","계약 수정·실행 검증은 별도"
"functions/src/contexts/portfolio/dividends/application/ports/out/dividendSweepRecoveryPorts.ts","runtime","portfolio/dividends","본문 전체 읽음","finance","계약 수정·실행 검증은 별도"
"functions/src/contexts/portfolio/dividends/domain/entities/dividendEvent.ts","runtime","portfolio/dividends","본문 전체 읽음","finance","계약 수정·실행 검증은 별도"
"functions/src/contexts/portfolio/dividends/domain/model/dividendDiscovery.ts","runtime","portfolio/dividends","본문 전체 읽음","finance","계약 수정·실행 검증은 별도"
"functions/src/contexts/portfolio/dividends/domain/model/dividendLifecycle.ts","runtime","portfolio/dividends","본문 전체 읽음","finance","계약 수정·실행 검증은 별도"
"functions/src/contexts/portfolio/dividends/domain/model/dividendProjection.ts","runtime","portfolio/dividends","본문 전체 읽음","finance","계약 수정·실행 검증은 별도"
"functions/src/contexts/portfolio/dividends/domain/model/dividendRead.ts","runtime","portfolio/dividends","본문 전체 읽음","finance","계약 수정·실행 검증은 별도"
"functions/src/contexts/portfolio/dividends/domain/model/dividendRefreshJob.ts","runtime","portfolio/dividends","본문 전체 읽음","finance","계약 수정·실행 검증은 별도"
"functions/src/contexts/portfolio/dividends/domain/model/dividendSweepRecovery.ts","runtime","portfolio/dividends","본문 전체 읽음","finance","계약 수정·실행 검증은 별도"
"functions/src/contexts/portfolio/dividends/domain/policies/dividendEligibilityPolicy.ts","runtime","portfolio/dividends","본문 전체 읽음","finance","계약 수정·실행 검증은 별도"
"functions/src/contexts/portfolio/dividends/domain/policies/dividendProjectionPolicy.ts","runtime","portfolio/dividends","본문 전체 읽음","finance","계약 수정·실행 검증은 별도"
"functions/src/contexts/portfolio/dividends/domain/policies/dividendProviderRunHealthPolicy.ts","runtime","portfolio/dividends","본문 전체 읽음","finance","계약 수정·실행 검증은 별도"
"functions/src/contexts/portfolio/dividends/domain/policies/dividendReadPolicies.ts","runtime","portfolio/dividends","본문 전체 읽음","finance","계약 수정·실행 검증은 별도"
"functions/src/contexts/portfolio/dividends/domain/policies/dividendRefreshSchedule.ts","runtime","portfolio/dividends","본문 전체 읽음","finance","계약 수정·실행 검증은 별도"
"functions/src/contexts/portfolio/dividends/public.ts","runtime","portfolio/dividends","본문 전체 읽음","finance","계약 수정·실행 검증은 별도"
"functions/src/contexts/portfolio/holdings/application/instrumentCatalogApplication.ts","runtime","portfolio/holdings","본문 전체 읽음","finance","계약 수정·실행 검증은 별도"
"functions/src/contexts/portfolio/holdings/application/instrumentSearchApplication.ts","runtime","portfolio/holdings","본문 전체 읽음","finance","계약 수정·실행 검증은 별도"
"functions/src/contexts/portfolio/holdings/application/ports/in/assetRevaluation.ts","runtime","portfolio/holdings","본문 전체 읽음","finance","계약 수정·실행 검증은 별도"
"functions/src/contexts/portfolio/holdings/application/ports/in/assetValuationTriggerScope.ts","runtime","portfolio/holdings","본문 전체 읽음","finance","계약 수정·실행 검증은 별도"
"functions/src/contexts/portfolio/holdings/application/ports/in/dailyAssetValuation.ts","runtime","portfolio/holdings","본문 전체 읽음","finance","계약 수정·실행 검증은 별도"
"functions/src/contexts/portfolio/holdings/application/ports/in/dailyValuationRecovery.ts","runtime","portfolio/holdings","본문 전체 읽음","finance","계약 수정·실행 검증은 별도"
"functions/src/contexts/portfolio/holdings/application/ports/in/dividendHoldingQuery.ts","runtime","portfolio/holdings","본문 전체 읽음","finance","계약 수정·실행 검증은 별도"
"functions/src/contexts/portfolio/holdings/application/ports/in/foreignCurrencyValuation.ts","runtime","portfolio/holdings","본문 전체 읽음","finance","계약 수정·실행 검증은 별도"
"functions/src/contexts/portfolio/holdings/application/ports/in/goldPosition.ts","runtime","portfolio/holdings","본문 전체 읽음","finance","계약 수정·실행 검증은 별도"
"functions/src/contexts/portfolio/holdings/application/ports/in/holdingValuation.ts","runtime","portfolio/holdings","본문 전체 읽음","finance","계약 수정·실행 검증은 별도"
"functions/src/contexts/portfolio/holdings/application/ports/in/instrumentCatalog.ts","runtime","portfolio/holdings","본문 전체 읽음","finance","계약 수정·실행 검증은 별도"
"functions/src/contexts/portfolio/holdings/application/ports/in/instrumentSearch.ts","runtime","portfolio/holdings","본문 전체 읽음","finance","계약 수정·실행 검증은 별도"
"functions/src/contexts/portfolio/holdings/application/ports/in/marketRouting.ts","runtime","portfolio/holdings","본문 전체 읽음","finance","계약 수정·실행 검증은 별도"
"functions/src/contexts/portfolio/holdings/application/ports/in/positionMutationLifecycle.ts","runtime","portfolio/holdings","본문 전체 읽음","finance","계약 수정·실행 검증은 별도"
"functions/src/contexts/portfolio/holdings/application/ports/out/assetRevaluationUnitOfWork.ts","runtime","portfolio/holdings","본문 전체 읽음","finance","계약 수정·실행 검증은 별도"
"functions/src/contexts/portfolio/holdings/application/ports/out/assetValuationTriggerScopePorts.ts","runtime","portfolio/holdings","본문 전체 읽음","finance","계약 수정·실행 검증은 별도"
"functions/src/contexts/portfolio/holdings/application/ports/out/dailyAssetValuationPorts.ts","runtime","portfolio/holdings","본문 전체 읽음","finance","계약 수정·실행 검증은 별도"
"functions/src/contexts/portfolio/holdings/application/ports/out/dailyValuationRecoveryStore.ts","runtime","portfolio/holdings","본문 전체 읽음","finance","계약 수정·실행 검증은 별도"
"functions/src/contexts/portfolio/holdings/application/ports/out/foreignCurrencyValuationPorts.ts","runtime","portfolio/holdings","본문 전체 읽음","finance","계약 수정·실행 검증은 별도"
"functions/src/contexts/portfolio/holdings/application/ports/out/goldPositionStore.ts","runtime","portfolio/holdings","본문 전체 읽음","finance","계약 수정·실행 검증은 별도"
"functions/src/contexts/portfolio/holdings/application/ports/out/instrumentCatalogPorts.ts","runtime","portfolio/holdings","본문 전체 읽음","finance","계약 수정·실행 검증은 별도"
"functions/src/contexts/portfolio/holdings/application/ports/out/instrumentCatalogReader.ts","runtime","portfolio/holdings","본문 전체 읽음","finance","계약 수정·실행 검증은 별도"
"functions/src/contexts/portfolio/holdings/application/ports/out/normalizedQuoteSource.ts","runtime","portfolio/holdings","본문 전체 읽음","finance","계약 수정·실행 검증은 별도"
"functions/src/contexts/portfolio/holdings/application/ports/out/positionMutationUnitOfWork.ts","runtime","portfolio/holdings","본문 전체 읽음","finance","계약 수정·실행 검증은 별도"
"functions/src/contexts/portfolio/holdings/domain/model/assetRevaluation.ts","runtime","portfolio/holdings","본문 전체 읽음","finance","계약 수정·실행 검증은 별도"
"functions/src/contexts/portfolio/holdings/domain/model/assetValuationTriggerScope.ts","runtime","portfolio/holdings","본문 전체 읽음","finance","계약 수정·실행 검증은 별도"
"functions/src/contexts/portfolio/holdings/domain/model/dailyAssetValuation.ts","runtime","portfolio/holdings","본문 전체 읽음","finance","계약 수정·실행 검증은 별도"
"functions/src/contexts/portfolio/holdings/domain/model/dailyValuationRecovery.ts","runtime","portfolio/holdings","본문 전체 읽음","finance","계약 수정·실행 검증은 별도"
"functions/src/contexts/portfolio/holdings/domain/model/dividendHoldingQuery.ts","runtime","portfolio/holdings","본문 전체 읽음","finance","계약 수정·실행 검증은 별도"
"functions/src/contexts/portfolio/holdings/domain/model/foreignCurrencyValuation.ts","runtime","portfolio/holdings","본문 전체 읽음","finance","계약 수정·실행 검증은 별도"
"functions/src/contexts/portfolio/holdings/domain/model/goldPosition.ts","runtime","portfolio/holdings","본문 전체 읽음","finance","계약 수정·실행 검증은 별도"
"functions/src/contexts/portfolio/holdings/domain/model/holdingInstrumentCandidate.ts","runtime","portfolio/holdings","본문 전체 읽음","finance","계약 수정·실행 검증은 별도"
"functions/src/contexts/portfolio/holdings/domain/model/holdingValuation.ts","runtime","portfolio/holdings","본문 전체 읽음","finance","계약 수정·실행 검증은 별도"
"functions/src/contexts/portfolio/holdings/domain/model/instrumentCatalog.ts","runtime","portfolio/holdings","본문 전체 읽음","finance","계약 수정·실행 검증은 별도"
"functions/src/contexts/portfolio/holdings/domain/model/instrumentSearch.ts","runtime","portfolio/holdings","본문 전체 읽음","finance","계약 수정·실행 검증은 별도"
"functions/src/contexts/portfolio/holdings/domain/model/marketRouting.ts","runtime","portfolio/holdings","본문 전체 읽음","finance","계약 수정·실행 검증은 별도"
"functions/src/contexts/portfolio/holdings/domain/model/positionMutation.ts","runtime","portfolio/holdings","본문 전체 읽음","finance","계약 수정·실행 검증은 별도"
"functions/src/contexts/portfolio/holdings/domain/policies/accountValuation.ts","runtime","portfolio/holdings","본문 전체 읽음","finance","계약 수정·실행 검증은 별도"
"functions/src/contexts/portfolio/holdings/domain/policies/assetLifecycleNormalization.ts","runtime","portfolio/holdings","본문 전체 읽음","finance","계약 수정·실행 검증은 별도"
"functions/src/contexts/portfolio/holdings/domain/policies/assetRevaluationPolicy.ts","runtime","portfolio/holdings","본문 전체 읽음","finance","계약 수정·실행 검증은 별도"
"functions/src/contexts/portfolio/holdings/domain/policies/assetValuationScopePolicy.ts","runtime","portfolio/holdings","본문 전체 읽음","finance","계약 수정·실행 검증은 별도"
"functions/src/contexts/portfolio/holdings/domain/policies/dailyAssetSnapshotPolicy.ts","runtime","portfolio/holdings","본문 전체 읽음","finance","계약 수정·실행 검증은 별도"
"functions/src/contexts/portfolio/holdings/domain/policies/foreignCurrencyValuationPolicy.ts","runtime","portfolio/holdings","본문 전체 읽음","finance","계약 수정·실행 검증은 별도"
"functions/src/contexts/portfolio/holdings/domain/policies/fundInstrumentNav.ts","runtime","portfolio/holdings","본문 전체 읽음","finance","계약 수정·실행 검증은 별도"
"functions/src/contexts/portfolio/holdings/domain/policies/goldPositionPolicy.ts","runtime","portfolio/holdings","본문 전체 읽음","finance","계약 수정·실행 검증은 별도"
"functions/src/contexts/portfolio/holdings/domain/policies/holdingValuationPolicy.ts","runtime","portfolio/holdings","본문 전체 읽음","finance","계약 수정·실행 검증은 별도"
"functions/src/contexts/portfolio/holdings/domain/policies/instrumentCatalogPolicy.ts","runtime","portfolio/holdings","본문 전체 읽음","finance","계약 수정·실행 검증은 별도"
"functions/src/contexts/portfolio/holdings/domain/policies/instrumentSearchRanking.ts","runtime","portfolio/holdings","본문 전체 읽음","finance","계약 수정·실행 검증은 별도"
"functions/src/contexts/portfolio/holdings/domain/policies/marketRoutingPolicy.ts","runtime","portfolio/holdings","본문 전체 읽음","finance","계약 수정·실행 검증은 별도"
"functions/src/contexts/portfolio/holdings/domain/policies/positionMutationPolicy.ts","runtime","portfolio/holdings","본문 전체 읽음","finance","계약 수정·실행 검증은 별도"
"functions/src/contexts/portfolio/holdings/public.ts","runtime","portfolio/holdings","본문 전체 읽음","finance","계약 수정·실행 검증은 별도"
"functions/src/demo/portfolio/application/demoAssetFixtureApplication.ts","runtime","server-platform","본문 전체 읽음","server-boundaries","계약 수정·실행 검증은 별도"
"functions/src/demo/portfolio/application/ports/in/demoAssetFixtureInputPort.ts","runtime","server-platform","본문 전체 읽음","server-boundaries","계약 수정·실행 검증은 별도"
"functions/src/demo/portfolio/application/ports/out/demoAssetFixturePorts.ts","runtime","server-platform","본문 전체 읽음","server-boundaries","계약 수정·실행 검증은 별도"
"functions/src/demo/portfolio/domain/demoAsset.ts","runtime","server-platform","본문 전체 읽음","server-boundaries","계약 수정·실행 검증은 별도"
"functions/src/index.ts","runtime","server-platform","본문 전체 읽음","server-boundaries","계약 수정·실행 검증은 별도"
"functions/src/observability/clientStartupDiagnostics.ts","runtime","server-platform","본문 전체 읽음","platform","계약 수정·실행 검증은 별도"
"functions/src/observability/interactiveLatency.ts","runtime","server-platform","본문 전체 읽음","platform","계약 수정·실행 검증은 별도"
"functions/src/operations/migration/production/runtimeMigrationApplication.ts","runtime","server-platform","본문 전체 읽음","platform","계약 수정·실행 검증은 별도"
"functions/src/operations/migration/production/runtimeMigrationHash.ts","runtime","server-platform","본문 전체 읽음","platform","계약 수정·실행 검증은 별도"
"functions/src/operations/migration/production/runtimeMigrationModel.ts","runtime","server-platform","본문 전체 읽음","platform","계약 수정·실행 검증은 별도"
"functions/src/operations/migration/public.ts","runtime","server-platform","본문 전체 읽음","platform","계약 수정·실행 검증은 별도"
"functions/src/operations/scheduling/assetAutomationScheduledPages.ts","runtime","server-platform","본문 전체 읽음","platform","계약 수정·실행 검증은 별도"
"functions/src/operations/scheduling/assetValuationScheduledPages.ts","runtime","server-platform","본문 전체 읽음","platform","계약 수정·실행 검증은 별도"
"functions/src/operations/scheduling/billingCostScheduledPages.ts","runtime","server-platform","본문 전체 읽음","platform","계약 수정·실행 검증은 별도"
"functions/src/operations/scheduling/dividendScheduledPages.ts","runtime","server-platform","본문 전체 읽음","platform","계약 수정·실행 검증은 별도"
"functions/src/operations/scheduling/instrumentCatalogScheduledPages.ts","runtime","server-platform","본문 전체 읽음","platform","계약 수정·실행 검증은 별도"
"functions/src/operations/scheduling/recurringScheduledPages.ts","runtime","server-platform","본문 전체 읽음","finance; platform","계약 수정·실행 검증은 별도"
"functions/src/operations/scheduling/scheduledJobDefinitions.ts","runtime","server-platform","본문 전체 읽음","platform","계약 수정·실행 검증은 별도"
"functions/src/operations/scheduling/scheduledJobMonitorRuntime.ts","runtime","server-platform","본문 전체 읽음","platform","계약 수정·실행 검증은 별도"
"functions/src/operations/scheduling/scheduledOccurrence.ts","runtime","server-platform","본문 전체 읽음","platform","계약 수정·실행 검증은 별도"
"functions/src/operations/scheduling/trackedScheduledJob.ts","runtime","server-platform","본문 전체 읽음","platform","계약 수정·실행 검증은 별도"
"functions/src/platform/admin-operations/application/adminOperationsDashboard.ts","runtime","server-platform","본문 전체 읽음","platform","계약 수정·실행 검증은 별도"
"functions/src/platform/admin-operations/application/billingCostSummary.ts","runtime","server-platform","본문 전체 읽음","platform","계약 수정·실행 검증은 별도"
"functions/src/platform/client-session/application/clientSessionScopeApplication.ts","runtime","server-platform","본문 전체 읽음","platform","계약 수정·실행 검증은 별도"
"functions/src/platform/client-session/application/ports/in/clientSessionScopeInputPort.ts","runtime","server-platform","본문 전체 읽음","platform","계약 수정·실행 검증은 별도"
"functions/src/platform/client-session/application/ports/out/clientSessionStatePort.ts","runtime","server-platform","본문 전체 읽음","platform","계약 수정·실행 검증은 별도"
"functions/src/platform/client-session/domain/clientSessionScope.ts","runtime","server-platform","본문 전체 읽음","platform","계약 수정·실행 검증은 별도"
"functions/src/platform/client-session/public.ts","runtime","server-platform","본문 전체 읽음","platform","계약 수정·실행 검증은 별도"
"functions/src/platform/compatibility/member-reference/memberReferenceMigration.ts","runtime","server-platform","본문 전체 읽음","platform","계약 수정·실행 검증은 별도"
"functions/src/platform/compatibility/member-reference/public.ts","runtime","server-platform","본문 전체 읽음","platform","계약 수정·실행 검증은 별도"
"functions/src/platform/delivery-assurance/application/deploymentProvenanceApplication.ts","runtime","server-platform","본문 전체 읽음","platform","계약 수정·실행 검증은 별도"
"functions/src/platform/delivery-assurance/application/deploymentTargetCompatibilityApplication.ts","runtime","server-platform","본문 전체 읽음","platform","계약 수정·실행 검증은 별도"
"functions/src/platform/delivery-assurance/application/ports/in/deploymentProvenanceInputPort.ts","runtime","server-platform","본문 전체 읽음","platform","계약 수정·실행 검증은 별도"
"functions/src/platform/delivery-assurance/application/ports/in/deploymentTargetCompatibilityInputPort.ts","runtime","server-platform","본문 전체 읽음","platform","계약 수정·실행 검증은 별도"
"functions/src/platform/delivery-assurance/application/ports/out/deploymentProvenancePorts.ts","runtime","server-platform","본문 전체 읽음","platform","계약 수정·실행 검증은 별도"
"functions/src/platform/delivery-assurance/public.ts","runtime","server-platform","본문 전체 읽음","platform","계약 수정·실행 검증은 별도"
"functions/src/platform/external-operations/application/credentialIngressApplication.ts","runtime","server-platform","본문 전체 읽음","platform","계약 수정·실행 검증은 별도"
"functions/src/platform/external-operations/application/externalResultClassificationApplication.ts","runtime","server-platform","본문 전체 읽음","platform","계약 수정·실행 검증은 별도"
"functions/src/platform/external-operations/application/hardenedIngressApplication.ts","runtime","server-platform","본문 전체 읽음","platform","계약 수정·실행 검증은 별도"
"functions/src/platform/external-operations/application/htmlQuoteParsingApplication.ts","runtime","server-platform","본문 전체 읽음","platform","계약 수정·실행 검증은 별도"
"functions/src/platform/external-operations/application/ports/in/credentialIngressInputPort.ts","runtime","server-platform","본문 전체 읽음","platform","계약 수정·실행 검증은 별도"
"functions/src/platform/external-operations/application/ports/in/externalResultClassificationInputPort.ts","runtime","server-platform","본문 전체 읽음","platform","계약 수정·실행 검증은 별도"
"functions/src/platform/external-operations/application/ports/in/hardenedIngressInputPort.ts","runtime","server-platform","본문 전체 읽음","platform","계약 수정·실행 검증은 별도"
"functions/src/platform/external-operations/application/ports/in/htmlQuoteParsingInputPort.ts","runtime","server-platform","본문 전체 읽음","platform","계약 수정·실행 검증은 별도"
"functions/src/platform/external-operations/application/ports/in/providerHealthInputPort.ts","runtime","server-platform","본문 전체 읽음","platform","계약 수정·실행 검증은 별도"
"functions/src/platform/external-operations/application/ports/in/providerScopedSafeHttpInputPort.ts","runtime","server-platform","본문 전체 읽음","platform","계약 수정·실행 검증은 별도"
"functions/src/platform/external-operations/application/ports/in/safeExternalHttpInputPort.ts","runtime","server-platform","본문 전체 읽음","platform","계약 수정·실행 검증은 별도"
"functions/src/platform/external-operations/application/ports/in/safeExternalTextHttpInputPort.ts","runtime","server-platform","본문 전체 읽음","platform","계약 수정·실행 검증은 별도"
"functions/src/platform/external-operations/application/ports/in/scheduledJobExecutionInputPort.ts","runtime","server-platform","본문 전체 읽음","platform","계약 수정·실행 검증은 별도"
"functions/src/platform/external-operations/application/ports/in/scheduledJobMonitorInputPort.ts","runtime","server-platform","본문 전체 읽음","platform","계약 수정·실행 검증은 별도"
"functions/src/platform/external-operations/application/ports/out/credentialIngressPorts.ts","runtime","server-platform","본문 전체 읽음","platform","계약 수정·실행 검증은 별도"
"functions/src/platform/external-operations/application/ports/out/externalOperationPort.ts","runtime","server-platform","본문 전체 읽음","platform","계약 수정·실행 검증은 별도"
"functions/src/platform/external-operations/application/ports/out/externalTextHttpTransportPort.ts","runtime","server-platform","본문 전체 읽음","platform","계약 수정·실행 검증은 별도"
"functions/src/platform/external-operations/application/ports/out/hardenedIngressPorts.ts","runtime","server-platform","본문 전체 읽음","platform","계약 수정·실행 검증은 별도"
"functions/src/platform/external-operations/application/ports/out/providerAttemptRecorderPort.ts","runtime","server-platform","본문 전체 읽음","platform","계약 수정·실행 검증은 별도"
"functions/src/platform/external-operations/application/ports/out/providerHealthPorts.ts","runtime","server-platform","본문 전체 읽음","platform","계약 수정·실행 검증은 별도"
"functions/src/platform/external-operations/application/ports/out/scheduledJobExecutionPorts.ts","runtime","server-platform","본문 전체 읽음","platform","계약 수정·실행 검증은 별도"
"functions/src/platform/external-operations/application/ports/out/scheduledJobMonitorRepositoryPort.ts","runtime","server-platform","본문 전체 읽음","platform","계약 수정·실행 검증은 별도"
"functions/src/platform/external-operations/application/ports/out/scriptedHttpTransportPort.ts","runtime","server-platform","본문 전체 읽음","platform","계약 수정·실행 검증은 별도"
"functions/src/platform/external-operations/application/providerHealthApplication.ts","runtime","server-platform","본문 전체 읽음","platform","계약 수정·실행 검증은 별도"
"functions/src/platform/external-operations/application/providerScopedSafeHttpApplication.ts","runtime","server-platform","본문 전체 읽음","platform","계약 수정·실행 검증은 별도"
"functions/src/platform/external-operations/application/safeExternalHttpApplication.ts","runtime","server-platform","본문 전체 읽음","platform","계약 수정·실행 검증은 별도"
"functions/src/platform/external-operations/application/safeExternalTextHttpApplication.ts","runtime","server-platform","본문 전체 읽음","platform","계약 수정·실행 검증은 별도"
"functions/src/platform/external-operations/application/scheduledJobExecutionApplication.ts","runtime","server-platform","본문 전체 읽음","platform","계약 수정·실행 검증은 별도"
"functions/src/platform/external-operations/application/scheduledJobIncidentRecovery.ts","runtime","server-platform","본문 전체 읽음","platform","계약 수정·실행 검증은 별도"
"functions/src/platform/external-operations/application/scheduledJobMonitorApplication.ts","runtime","server-platform","본문 전체 읽음","platform","계약 수정·실행 검증은 별도"
"functions/src/platform/external-operations/domain/externalResult.ts","runtime","server-platform","본문 전체 읽음","platform","계약 수정·실행 검증은 별도"
"functions/src/platform/external-operations/domain/externalResultClassification.ts","runtime","server-platform","본문 전체 읽음","platform","계약 수정·실행 검증은 별도"
"functions/src/platform/external-operations/domain/htmlQuoteContract.ts","runtime","server-platform","본문 전체 읽음","platform","계약 수정·실행 검증은 별도"
"functions/src/platform/external-operations/domain/httpStatus.ts","runtime","server-platform","본문 전체 읽음","platform","계약 수정·실행 검증은 별도"
"functions/src/platform/external-operations/domain/safeHttpPolicy.ts","runtime","server-platform","본문 전체 읽음","platform","계약 수정·실행 검증은 별도"
"functions/src/platform/external-operations/public.ts","runtime","server-platform","본문 전체 읽음","platform","계약 수정·실행 검증은 별도"
"functions/src/platform/home-preferences/application/homePreferenceRuntimeApplication.ts","runtime","server-platform","본문 전체 읽음","platform","계약 수정·실행 검증은 별도"
"functions/src/platform/home-preferences/application/ports/out/homePreferenceAtomicStorePort.ts","runtime","server-platform","본문 전체 읽음","platform","계약 수정·실행 검증은 별도"
"functions/src/platform/home-preferences/domain/homeSummary.ts","runtime","server-platform","본문 전체 읽음","platform","계약 수정·실행 검증은 별도"
"functions/src/platform/home-preferences/public.ts","runtime","server-platform","본문 전체 읽음","platform","계약 수정·실행 검증은 별도"
"functions/src/platform/pagination/public.ts","runtime","server-platform","본문 전체 읽음","platform","계약 수정·실행 검증은 별도"
"functions/src/platform/shared-kernel/canonicalJson.ts","runtime","server-platform","본문 전체 읽음","platform; server-boundaries","계약 수정·실행 검증은 별도"
"functions/src/platform/shared-kernel/categoryCompatibility.ts","runtime","server-platform","본문 전체 읽음","platform","계약 수정·실행 검증은 별도"
"functions/src/platform/shared-kernel/moneyInWon.ts","runtime","server-platform","본문 전체 읽음","platform","계약 수정·실행 검증은 별도"
"functions/src/platform/shared-kernel/public.ts","runtime","server-platform","본문 전체 읽음","platform","계약 수정·실행 검증은 별도"
"functions/src/platform/shared-kernel/seoulDateTime.ts","runtime","server-platform","본문 전체 읽음","platform","계약 수정·실행 검증은 별도"
"functions/src/platform/usage-observability/domain/memberAccessStats.ts","runtime","server-platform","본문 전체 읽음","platform","계약 수정·실행 검증은 별도"
"functions/src/platform/usage-observability/public.ts","runtime","server-platform","본문 전체 읽음","platform","계약 수정·실행 검증은 별도"
"functions/src/read-side/reporting/application/ports/assetSnapshotSource.ts","runtime","reporting","본문 전체 읽음","finance","계약 수정·실행 검증은 별도"
"functions/src/read-side/reporting/application/ports/boundedAssetSnapshotSource.ts","runtime","reporting","본문 전체 읽음","finance","계약 수정·실행 검증은 별도"
"functions/src/read-side/reporting/application/ports/boundedLedgerSource.ts","runtime","reporting","본문 전체 읽음","finance","계약 수정·실행 검증은 별도"
"functions/src/read-side/reporting/application/ports/ledgerStatisticsSource.ts","runtime","reporting","본문 전체 읽음","finance","계약 수정·실행 검증은 별도"
"functions/src/read-side/reporting/application/ports/reportingAuthoritativeOwner.ts","runtime","reporting","본문 전체 읽음","finance","계약 수정·실행 검증은 별도"
"functions/src/read-side/reporting/application/ports/reportingCategoryActionGateway.ts","runtime","reporting","본문 전체 읽음","finance","계약 수정·실행 검증은 별도"
"functions/src/read-side/reporting/application/queries/boundedAssetStatisticsQuery.ts","runtime","reporting","본문 전체 읽음","finance","계약 수정·실행 검증은 별도"
"functions/src/read-side/reporting/application/queries/boundedReportingQuery.ts","runtime","reporting","본문 전체 읽음","finance","계약 수정·실행 검증은 별도"
"functions/src/read-side/reporting/application/queries/getAssetSnapshotContinuity.ts","runtime","reporting","본문 전체 읽음","finance","계약 수정·실행 검증은 별도"
"functions/src/read-side/reporting/application/queries/getLedgerStatistics.ts","runtime","reporting","본문 전체 읽음","finance","계약 수정·실행 검증은 별도"
"functions/src/read-side/reporting/application/reportingAuthoritativeActionController.ts","runtime","reporting","본문 전체 읽음","finance","계약 수정·실행 검증은 별도"
"functions/src/read-side/reporting/application/reportingCategoryActionController.ts","runtime","reporting","본문 전체 읽음","finance","계약 수정·실행 검증은 별도"
"functions/src/read-side/reporting/assetStatisticsPeriod.ts","runtime","reporting","본문 전체 읽음","finance","계약 수정·실행 검증은 별도"
"functions/src/read-side/reporting/calculations/assetSnapshotContinuity.ts","runtime","reporting","본문 전체 읽음","finance","계약 수정·실행 검증은 별도"
"functions/src/read-side/reporting/calculations/ledgerStatistics.ts","runtime","reporting","본문 전체 읽음","finance","계약 수정·실행 검증은 별도"
"functions/src/read-side/reporting/historicalAssetDimensions.ts","runtime","reporting","본문 전체 읽음","finance","계약 수정·실행 검증은 별도"
"functions/src/read-side/reporting/model/assetSnapshot.ts","runtime","reporting","본문 전체 읽음","finance","계약 수정·실행 검증은 별도"
"functions/src/read-side/reporting/model/boundedAssetStatistics.ts","runtime","reporting","본문 전체 읽음","finance","계약 수정·실행 검증은 별도"
"functions/src/read-side/reporting/model/boundedReporting.ts","runtime","reporting","본문 전체 읽음","finance","계약 수정·실행 검증은 별도"
"functions/src/read-side/reporting/model/ledgerStatistics.ts","runtime","reporting","본문 전체 읽음","finance","계약 수정·실행 검증은 별도"
"functions/src/read-side/reporting/model/reportingAuthoritativeAction.ts","runtime","reporting","본문 전체 읽음","finance","계약 수정·실행 검증은 별도"
"functions/src/read-side/reporting/model/reportingCategoryAction.ts","runtime","reporting","본문 전체 읽음","finance","계약 수정·실행 검증은 별도"
"functions/src/read-side/reporting/public.ts","runtime","reporting","본문 전체 읽음","finance","계약 수정·실행 검증은 별도"
"functions/test/adapters/firebase-admin-billing-cost-snapshot.test.ts","test","server-platform","본문 전체 읽음","platform-tests","계약 수정·실행 검증은 별도"
"functions/test/adapters/firebase-shortcut-cancellation-intake.test.ts","test","server-platform","본문 전체 읽음","finance-tests","계약 수정·실행 검증은 별도"
"functions/test/adapters/firebase-shortcut-rejected-message-diagnostic.test.ts","test","server-platform","본문 전체 읽음","finance-tests","계약 수정·실행 검증은 별도"
"functions/test/adapters/firebase/admin-dashboard-read-concurrency.test.ts","test","server-platform","본문 전체 읽음","platform-tests","계약 수정·실행 검증은 별도"
"functions/test/adapters/firebase/admin-member-version-flow.test.ts","test","server-platform","본문 전체 읽음","platform-tests","계약 수정·실행 검증은 별도"
"functions/test/adapters/firebase/admin-provider-observation-coverage.test.ts","test","server-platform","본문 전체 읽음","platform-tests","계약 수정·실행 검증은 별도"
"functions/test/adapters/firebase/capture-approval-batched-read.test.ts","test","server-platform","본문 전체 읽음","finance-tests","계약 수정·실행 검증은 별도"
"functions/test/adapters/firebase/capture-configuration-coalescing.test.ts","test","server-platform","본문 전체 읽음","finance-tests","계약 수정·실행 검증은 별도"
"functions/test/adapters/firebase/capture-configuration-projection.test.ts","test","server-platform","본문 전체 읽음","finance-tests","계약 수정·실행 검증은 별도"
"functions/test/adapters/firebase/capture-envelope-decoder.test.ts","test","server-platform","본문 전체 읽음","finance-tests","계약 수정·실행 검증은 별도"
"functions/test/adapters/firebase/capture-ledger-cancellation-safety.test.ts","test","server-platform","본문 전체 읽음","finance-tests","계약 수정·실행 검증은 별도"
"functions/test/adapters/firebase/capture-ledger-persistence.test.ts","test","server-platform","본문 전체 읽음","finance-tests","계약 수정·실행 검증은 별도"
"functions/test/adapters/firebase/capture-submission-receipt-store.test.ts","test","server-platform","본문 전체 읽음","finance-tests","계약 수정·실행 검증은 별도"
"functions/test/adapters/firebase/category-active-query-regression.test.ts","test","server-platform","본문 전체 읽음","finance-tests","계약 수정·실행 검증은 별도"
"functions/test/adapters/firebase/category-capture-projection-invalidation.test.ts","test","server-platform","본문 전체 읽음","finance-tests","계약 수정·실행 검증은 별도"
"functions/test/adapters/firebase/category-reference-reader.test.ts","test","server-platform","본문 전체 읽음","finance-tests","계약 수정·실행 검증은 별도"
"functions/test/adapters/firebase/deployment-provenance-runtime.test.ts","test","server-platform","본문 전체 읽음","platform-tests","계약 수정·실행 검증은 별도"
"functions/test/adapters/firebase/dividend-active-asset-regression.test.ts","test","server-platform","본문 전체 읽음","finance-tests","계약 수정·실행 검증은 별도"
"functions/test/adapters/firebase/dividend-correction-regression.test.ts","test","server-platform","본문 전체 읽음","finance-tests","계약 수정·실행 검증은 별도"
"functions/test/adapters/firebase/dividend-existing-event-recheck.test.ts","test","server-platform","본문 전체 읽음","finance-tests","계약 수정·실행 검증은 별도"
"functions/test/adapters/firebase/dividend-initial-history-regression.test.ts","test","server-platform","본문 전체 읽음","finance-tests","계약 수정·실행 검증은 별도"
"functions/test/adapters/firebase/dividend-migrated-position-history.test.ts","test","server-platform","본문 전체 읽음","finance-tests","계약 수정·실행 검증은 별도"
"functions/test/adapters/firebase/dividend-provider-health-observation.test.ts","test","server-platform","본문 전체 읽음","finance-tests","계약 수정·실행 검증은 별도"
"functions/test/adapters/firebase/external-query-quota.test.ts","test","server-platform","본문 전체 읽음","platform-tests","계약 수정·실행 검증은 별도"
"functions/test/adapters/firebase/finance-bounded-runtime-read-regression.test.ts","test","server-platform","본문 전체 읽음","finance-tests","계약 수정·실행 검증은 별도"
"functions/test/adapters/firebase/finance-configuration-version-regression.test.ts","test","server-platform","본문 전체 읽음","finance-tests","계약 수정·실행 검증은 별도"
"functions/test/adapters/firebase/firebase-capture-membership-resolver.test.ts","test","server-platform","본문 전체 읽음","finance-tests","계약 수정·실행 검증은 별도"
"functions/test/adapters/firebase/firebase-household-command-membership-adapter.test.ts","test","server-platform","본문 전체 읽음","platform-tests","계약 수정·실행 검증은 별도"
"functions/test/adapters/firebase/firebase-ledger-command-domain-receipt.test.ts","test","server-platform","본문 전체 읽음","finance-tests","계약 수정·실행 검증은 별도"
"functions/test/adapters/firebase/firebase-signed-in-user-resolver.test.ts","test","server-platform","본문 전체 읽음","platform-tests","계약 수정·실행 검증은 별도"
"functions/test/adapters/firebase/firestore-ttl.test.ts","test","server-platform","본문 전체 읽음","platform-tests","계약 수정·실행 검증은 별도"
"functions/test/adapters/firebase/home-first-currency.test.ts","test","server-platform","본문 전체 읽음","platform-tests","계약 수정·실행 검증은 별도"
"functions/test/adapters/firebase/home-preference-atomic-store.test.ts","test","server-platform","본문 전체 읽음","platform-tests","계약 수정·실행 검증은 별도"
"functions/test/adapters/firebase/instrument-catalog-source.test.ts","test","server-platform","본문 전체 읽음","finance-tests","계약 수정·실행 검증은 별도"
"functions/test/adapters/firebase/ledger-lifecycle-regression.test.ts","test","server-platform","본문 전체 읽음","finance-tests","계약 수정·실행 검증은 별도"
"functions/test/adapters/firebase/ledger-mutation-read-efficiency.test.ts","test","server-platform","본문 전체 읽음","finance-tests","계약 수정·실행 검증은 별도"
"functions/test/adapters/firebase/local-currency-balance-read-efficiency.test.ts","test","server-platform","본문 전체 읽음","finance-tests","계약 수정·실행 검증은 별도"
"functions/test/adapters/firebase/member-access-persistent-idempotency.test.ts","test","server-platform","본문 전체 읽음","platform; platform-tests","계약 수정·실행 검증은 별도"
"functions/test/adapters/firebase/member-rename-atomic-store.test.ts","test","server-platform","본문 전체 읽음","platform-tests","계약 수정·실행 검증은 별도"
"functions/test/adapters/firebase/notifications/firebase-notification-delivery-adapters.test.ts","test","server-platform","본문 전체 읽음","finance-tests","계약 수정·실행 검증은 별도"
"functions/test/adapters/firebase/notifications/notification-outbox-production-flow.test.ts","test","server-platform","본문 전체 읽음","finance-tests","계약 수정·실행 검증은 별도"
"functions/test/adapters/firebase/payment-capture-projection-invalidation.test.ts","test","server-platform","본문 전체 읽음","finance-tests","계약 수정·실행 검증은 별도"
"functions/test/adapters/firebase/payment-capture/android-raw-notification-decoder.test.ts","test","server-platform","본문 전체 읽음","finance-tests","계약 수정·실행 검증은 별도"
"functions/test/adapters/firebase/payment-configuration-atomic-store.test.ts","test","server-platform","본문 전체 읽음","finance-tests","계약 수정·실행 검증은 별도"
"functions/test/adapters/firebase/payment-configuration-version-wire.test.ts","test","server-platform","본문 전체 읽음","finance-tests","계약 수정·실행 검증은 별도"
"functions/test/adapters/firebase/portfolio-dividend-projection-reader.test.ts","test","server-platform","본문 전체 읽음","finance-tests","계약 수정·실행 검증은 별도"
"functions/test/adapters/firebase/portfolio-initial-history-migration.test.ts","test","server-platform","본문 전체 읽음","finance-tests","계약 수정·실행 검증은 별도"
"functions/test/adapters/firebase/portfolio-instrument-search.test.ts","test","server-platform","본문 전체 읽음","finance-tests","계약 수정·실행 검증은 별도"
"functions/test/adapters/firebase/portfolio-market-data-concurrency.test.ts","test","server-platform","본문 전체 읽음","finance-tests","계약 수정·실행 검증은 별도"
"functions/test/adapters/firebase/portfolio-market-data.test.ts","test","server-platform","본문 전체 읽음","finance-tests","계약 수정·실행 검증은 별도"
"functions/test/adapters/firebase/portfolio-market-refresh-concurrency.test.ts","test","server-platform","본문 전체 읽음","finance-tests","계약 수정·실행 검증은 별도"
"functions/test/adapters/firebase/portfolio-provider-health-store.test.ts","test","server-platform","본문 전체 읽음","finance-tests","계약 수정·실행 검증은 별도"
"functions/test/adapters/firebase/portfolio-refresh-cooldown.test.ts","test","server-platform","본문 전체 읽음","finance-tests","계약 수정·실행 검증은 별도"
"functions/test/adapters/firebase/portfolio-runtime-state-load-concurrency.test.ts","test","server-platform","본문 전체 읽음","finance-tests","계약 수정·실행 검증은 별도"
"functions/test/adapters/firebase/portfolio-runtime-store.test.ts","test","server-platform","본문 전체 읽음","finance-tests","계약 수정·실행 검증은 별도"
"functions/test/adapters/firebase/provider-health-repository-batched-commit.test.ts","test","server-platform","본문 전체 읽음","platform-tests","계약 수정·실행 검증은 별도"
"functions/test/adapters/firebase/quick-edit-production-boundary.test.ts","test","server-platform","본문 전체 읽음","finance-tests","계약 수정·실행 검증은 별도"
"functions/test/adapters/firebase/recurring-creator-runtime-regression.test.ts","test","server-platform","본문 전체 읽음","finance-tests","계약 수정·실행 검증은 별도"
"functions/test/adapters/firebase/remember-transaction-production.test.ts","test","server-platform","본문 전체 읽음","finance-tests","계약 수정·실행 검증은 별도"
"functions/test/adapters/firebase/scheduled-job-incident-recovery.test.ts","test","server-platform","본문 전체 읽음","platform-tests","계약 수정·실행 검증은 별도"
"functions/test/adapters/firebase/scheduled-job-lease-fencing.test.ts","test","server-platform","본문 전체 읽음","platform-tests","계약 수정·실행 검증은 별도"
"functions/test/adapters/firebase/scheduled-job-status-summary.test.ts","test","server-platform","본문 전체 읽음","platform-tests","계약 수정·실행 검증은 별도"
"functions/test/adapters/firebase/storage-consolidation-portfolio.test.ts","test","server-platform","본문 전체 읽음","finance-tests","계약 수정·실행 검증은 별도"
"functions/test/adapters/google-cloud-billing-cost-reader.test.ts","test","server-platform","본문 전체 읽음","platform-tests","계약 수정·실행 검증은 별도"
"functions/test/adapters/google-cloud-interactive-latency-reader.test.ts","test","server-platform","본문 전체 읽음","platform-tests","계약 수정·실행 검증은 별도"
"functions/test/adapters/hmac-shortcut-credential-secret-adapter.test.ts","test","server-platform","본문 전체 읽음","finance-tests","계약 수정·실행 검증은 별도"
"functions/test/adapters/http/kind-etf-dividend-disclosure.contract.test.ts","test","server-platform","본문 전체 읽음","platform-tests","계약 수정·실행 검증은 별도"
"functions/test/adapters/http/node-external-text-http-transport.contract.test.ts","test","server-platform","본문 전체 읽음","platform-tests","계약 수정·실행 검증은 별도"
"functions/test/adapters/payment-capture/capture-submission-payment-kind.test.ts","test","server-platform","본문 전체 읽음","finance-tests","계약 수정·실행 검증은 별도"
"functions/test/adapters/payment-capture/capture-transaction-gateway.test.ts","test","server-platform","본문 전체 읽음","finance-tests","계약 수정·실행 검증은 별도"
"functions/test/adapters/payment-capture/default-payment-source-registry.test.ts","test","server-platform","본문 전체 읽음","finance-tests","계약 수정·실행 검증은 별도"
"functions/test/adapters/payment-capture/raw-capture-production-flow.test.ts","test","server-platform","본문 전체 읽음","finance-tests","계약 수정·실행 검증은 별도"
"functions/test/adapters/payment-capture/shortcut-retry-receipt-production.test.ts","test","server-platform","본문 전체 읽음","finance-tests","계약 수정·실행 검증은 별도"
"functions/test/adapters/web/account-valuation-consistency.test.ts","test","server-platform","본문 전체 읽음","finance-tests","계약 수정·실행 검증은 별도"
"functions/test/architecture/contract-tests-are-implementation-independent.test.ts","test","server-platform","본문 전체 읽음","platform; platform-tests","계약 수정·실행 검증은 별도"
"functions/test/architecture/document-relative-links.test.ts","test","server-platform","본문 전체 읽음","platform-tests","계약 수정·실행 검증은 별도"
"functions/test/architecture/firestore-indexes.test.ts","test","server-platform","본문 전체 읽음","platform-tests","계약 수정·실행 검증은 별도"
"functions/test/architecture/firestore-ttl-policy.test.ts","test","server-platform","본문 전체 읽음","platform-tests","계약 수정·실행 검증은 별도"
"functions/test/architecture/functions-deployment-codebase.test.ts","test","server-platform","본문 전체 읽음","platform-tests","계약 수정·실행 검증은 별도"
"functions/test/architecture/production-dependency-direction.test.ts","test","server-platform","본문 전체 읽음","platform; platform-tests","계약 수정·실행 검증은 별도"
"functions/test/architecture/requirement-test-traceability.test.ts","test","server-platform","본문 전체 읽음","platform-tests","계약 수정·실행 검증은 별도"
"functions/test/architecture/runtime-app-check-boundary.test.ts","test","server-platform","본문 전체 읽음","platform-tests","계약 수정·실행 검증은 별도"
"functions/test/architecture/runtime-migration-operations-boundary.test.ts","test","server-platform","본문 전체 읽음","platform-tests","계약 수정·실행 검증은 별도"
"functions/test/architecture/runtime-reconciliation-readonly.test.ts","test","server-platform","본문 전체 읽음","platform-tests","계약 수정·실행 검증은 별도"
"functions/test/bootstrap/access-household-runtime-security.test.ts","test","server-platform","본문 전체 읽음","platform-tests","계약 수정·실행 검증은 별도"
"functions/test/bootstrap/admin-access-router.test.ts","test","server-platform","본문 전체 읽음","platform-tests","계약 수정·실행 검증은 별도"
"functions/test/bootstrap/android-instrumentation-scope.test.ts","test","server-platform","본문 전체 읽음","platform-tests","계약 수정·실행 검증은 별도"
"functions/test/bootstrap/capture-interactive-latency.test.ts","test","server-platform","본문 전체 읽음","platform-tests","계약 수정·실행 검증은 별도"
"functions/test/bootstrap/deployment-scope.test.ts","test","server-platform","본문 전체 읽음","platform-tests","계약 수정·실행 검증은 별도"
"functions/test/bootstrap/firebase-capture-submission-wire.test.ts","test","server-platform","본문 전체 읽음","platform-tests","계약 수정·실행 검증은 별도"
"functions/test/bootstrap/firebase-notification-diagnostic-wire.test.ts","test","server-platform","본문 전체 읽음","platform-tests","계약 수정·실행 검증은 별도"
"functions/test/bootstrap/firebase-raw-notification-submission-wire.test.ts","test","server-platform","본문 전체 읽음","platform-tests","계약 수정·실행 검증은 별도"
"functions/test/bootstrap/firebase-release-gate-runtime.test.ts","test","server-platform","본문 전체 읽음","platform-tests","계약 수정·실행 검증은 별도"
"functions/test/bootstrap/firebase-smoke-session-cli.test.ts","test","server-platform","본문 전체 읽음","platform-tests","계약 수정·실행 검증은 별도"
"functions/test/bootstrap/household-command-manifest-registry.test.ts","test","server-platform","본문 전체 읽음","platform; platform-tests","계약 수정·실행 검증은 별도"
"functions/test/bootstrap/household-command-router.test.ts","test","server-platform","본문 전체 읽음","platform-tests","계약 수정·실행 검증은 별도"
"functions/test/bootstrap/household-command-wire-response.test.ts","test","server-platform","본문 전체 읽음","platform-tests","계약 수정·실행 검증은 별도"
"functions/test/bootstrap/household-query-manifest-registry.test.ts","test","server-platform","본문 전체 읽음","platform-tests","계약 수정·실행 검증은 별도"
"functions/test/bootstrap/household-query-router.test.ts","test","server-platform","본문 전체 읽음","platform-tests","계약 수정·실행 검증은 별도"
"functions/test/bootstrap/household-query-wire-response.test.ts","test","server-platform","본문 전체 읽음","platform-tests","계약 수정·실행 검증은 별도"
"functions/test/bootstrap/ledger-household-command-category-read.test.ts","test","server-platform","본문 전체 읽음","platform-tests","계약 수정·실행 검증은 별도"
"functions/test/bootstrap/member-access-app-visit-latency.test.ts","test","server-platform","본문 전체 읽음","platform-tests","계약 수정·실행 검증은 별도"
"functions/test/bootstrap/notification-outbox-latency.test.ts","test","server-platform","본문 전체 읽음","platform-tests","계약 수정·실행 검증은 별도"
"functions/test/bootstrap/payment-home-command-registration.test.ts","test","server-platform","본문 전체 읽음","platform-tests","계약 수정·실행 검증은 별도"
"functions/test/bootstrap/portfolio-command-registration.test.ts","test","server-platform","본문 전체 읽음","platform-tests","계약 수정·실행 검증은 별도"
"functions/test/bootstrap/portfolio-market-household-query-handlers.test.ts","test","server-platform","본문 전체 읽음","platform-tests","계약 수정·실행 검증은 별도"
"functions/test/bootstrap/portfolio-production-demo-surface.test.ts","test","server-platform","본문 전체 읽음","platform-tests","계약 수정·실행 검증은 별도"
"functions/test/bootstrap/quality-summary-runtime.test.ts","test","server-platform","본문 전체 읽음","platform-tests","계약 수정·실행 검증은 별도"
"functions/test/bootstrap/shortcut-credential-household-command-handlers.test.ts","test","server-platform","본문 전체 읽음","platform-tests","계약 수정·실행 검증은 별도"
"functions/test/bootstrap/webview-session-token.test.ts","test","server-platform","본문 전체 읽음","platform-tests","계약 수정·실행 검증은 별도"
"functions/test/contexts/access-household/admin-household-console.contract.test.ts","test","access-household/admin-household-console.contract.test.ts","본문 전체 읽음","platform-tests","계약 수정·실행 검증은 별도"
"functions/test/contexts/access-household/asset-owner-profile.contract.test.ts","test","access-household/asset-owner-profile.contract.test.ts","본문 전체 읽음","platform-tests","계약 수정·실행 검증은 별도"
"functions/test/contexts/access-household/google-onboarding-invitation.contract.test.ts","test","access-household/google-onboarding-invitation.contract.test.ts","본문 전체 읽음","platform-tests","계약 수정·실행 검증은 별도"
"functions/test/contexts/access-household/household-creation-conventions.test.ts","test","access-household/household-creation-conventions.test.ts","본문 전체 읽음","platform-tests","계약 수정·실행 검증은 별도"
"functions/test/contexts/access-household/household-lifecycle.contract.test.ts","test","access-household/household-lifecycle.contract.test.ts","본문 전체 읽음","platform-tests","계약 수정·실행 검증은 별도"
"functions/test/contexts/access-household/household-purge-process.contract.test.ts","test","access-household/household-purge-process.contract.test.ts","본문 전체 읽음","platform-tests","계약 수정·실행 검증은 별도"
"functions/test/contexts/access-household/legacy-membership-migration.contract.test.ts","test","access-household/legacy-membership-migration.contract.test.ts","본문 전체 읽음","platform-tests","계약 수정·실행 검증은 별도"
"functions/test/contexts/access-household/member-removal-restoration.contract.test.ts","test","access-household/member-removal-restoration.contract.test.ts","본문 전체 읽음","platform-tests","계약 수정·실행 검증은 별도"
"functions/test/contexts/access-household/member-rename.contract.test.ts","test","access-household/member-rename.contract.test.ts","본문 전체 읽음","platform-tests","계약 수정·실행 검증은 별도"
"functions/test/contexts/access-household/tenant-authorization.contract.test.ts","test","access-household/tenant-authorization.contract.test.ts","본문 전체 읽음","platform-tests","계약 수정·실행 검증은 별도"
"functions/test/contexts/household-finance/categories-budget/category-catalog.contract.test.ts","test","household-finance/categories-budget","본문 전체 읽음","finance-tests","계약 수정·실행 검증은 별도"
"functions/test/contexts/household-finance/ledger/basic-ledger-commands.contract.test.ts","test","household-finance/ledger","본문 전체 읽음","finance-tests","계약 수정·실행 검증은 별도"
"functions/test/contexts/household-finance/ledger/basic-ledger-read-concurrency.test.ts","test","household-finance/ledger","본문 전체 읽음","finance-tests","계약 수정·실행 검증은 별도"
"functions/test/contexts/household-finance/ledger/capture-lineage-cancellation-graph.test.ts","test","household-finance/ledger","본문 전체 읽음","finance-tests","계약 수정·실행 검증은 별도"
"functions/test/contexts/household-finance/ledger/existing-monthly-split.contract.test.ts","test","household-finance/ledger","본문 전체 읽음","finance-tests","계약 수정·실행 검증은 별도"
"functions/test/contexts/household-finance/ledger/item-split-restoration.contract.test.ts","test","household-finance/ledger","본문 전체 읽음","finance-tests","계약 수정·실행 검증은 별도"
"functions/test/contexts/household-finance/ledger/ledger-seoul-time.contract.test.ts","test","household-finance/ledger","본문 전체 읽음","finance-tests","계약 수정·실행 검증은 별도"
"functions/test/contexts/household-finance/ledger/monthly-split-lifecycle.contract.test.ts","test","household-finance/ledger","본문 전체 읽음","finance-tests","계약 수정·실행 검증은 별도"
"functions/test/contexts/household-finance/ledger/monthly-split.contract.test.ts","test","household-finance/ledger","본문 전체 읽음","finance-tests","계약 수정·실행 검증은 별도"
"functions/test/contexts/household-finance/ledger/transformation-lineage.contract.test.ts","test","household-finance/ledger","본문 전체 읽음","finance-tests","계약 수정·실행 검증은 별도"
"functions/test/contexts/household-finance/local-currency/balance-branch-integration.contract.test.ts","test","household-finance/local-currency","본문 전체 읽음","finance-tests","계약 수정·실행 검증은 별도"
"functions/test/contexts/household-finance/local-currency/balance-observation-intake.contract.test.ts","test","household-finance/local-currency","본문 전체 읽음","finance-tests","계약 수정·실행 검증은 별도"
"functions/test/contexts/household-finance/local-currency/balance-observation.contract.test.ts","test","household-finance/local-currency","본문 전체 읽음","finance-tests","계약 수정·실행 검증은 별도"
"functions/test/contexts/household-finance/recurring-transactions/recurring-category-remap.contract.test.ts","test","household-finance/recurring-transactions","본문 전체 읽음","finance-tests","계약 수정·실행 검증은 별도"
"functions/test/contexts/household-finance/recurring-transactions/recurring-plan-management.contract.test.ts","test","household-finance/recurring-transactions","본문 전체 읽음","finance-tests","계약 수정·실행 검증은 별도"
"functions/test/contexts/household-finance/recurring-transactions/recurring-processing-atomicity.contract.test.ts","test","household-finance/recurring-transactions","본문 전체 읽음","finance-tests","계약 수정·실행 검증은 별도"
"functions/test/contexts/household-finance/recurring-transactions/recurring-schedule.contract.test.ts","test","household-finance/recurring-transactions","본문 전체 읽음","finance-tests","계약 수정·실행 검증은 별도"
"functions/test/contexts/household-finance/recurring-transactions/recurring-scheduler-workflow.contract.test.ts","test","household-finance/recurring-transactions","본문 전체 읽음","finance-tests","계약 수정·실행 검증은 별도"
"functions/test/contexts/notifications/delivery-assurance.contract.test.ts","test","notifications/delivery-assurance.contract.test.ts","본문 전체 읽음","finance-tests","계약 수정·실행 검증은 별도"
"functions/test/contexts/notifications/delivery-reconciliation.contract.test.ts","test","notifications/delivery-reconciliation.contract.test.ts","본문 전체 읽음","finance-tests","계약 수정·실행 검증은 별도"
"functions/test/contexts/notifications/firebase-fid-delivery-adapter.test.ts","test","notifications/firebase-fid-delivery-adapter.test.ts","본문 전체 읽음","finance-tests","계약 수정·실행 검증은 별도"
"functions/test/contexts/notifications/household-purge.contract.test.ts","test","notifications/household-purge.contract.test.ts","본문 전체 읽음","finance-tests","계약 수정·실행 검증은 별도"
"functions/test/contexts/notifications/mobile-fid-registration.contract.test.ts","test","notifications/mobile-fid-registration.contract.test.ts","본문 전체 읽음","finance-tests","계약 수정·실행 검증은 별도"
"functions/test/contexts/notifications/notification-target-policy.contract.test.ts","test","notifications/notification-target-policy.contract.test.ts","본문 전체 읽음","finance-tests","계약 수정·실행 검증은 별도"
"functions/test/contexts/payment-capture/android-payment-ingestion/android-provider-parser-golden.contract.test.ts","test","payment-capture/android-payment-ingestion","본문 전체 읽음","capture-tests-followup","계약 수정·실행 검증은 별도"
"functions/test/contexts/payment-capture/android-payment-ingestion/android-raw-notification-submission.contract.test.ts","test","payment-capture/android-payment-ingestion","본문 전체 읽음","capture-tests-followup","계약 수정·실행 검증은 별도"
"functions/test/contexts/payment-capture/android-payment-ingestion/capture-branch-finalization.test.ts","test","payment-capture/android-payment-ingestion","본문 전체 읽음","capture-tests-followup","계약 수정·실행 검증은 별도"
"functions/test/contexts/payment-capture/android-payment-ingestion/capture-submission-receipt.contract.test.ts","test","payment-capture/android-payment-ingestion","본문 전체 읽음","capture-tests-followup","계약 수정·실행 검증은 별도"
"functions/test/contexts/payment-capture/android-payment-ingestion/city-gas-parser.contract.test.ts","test","payment-capture/android-payment-ingestion","본문 전체 읽음","capture-tests-followup","계약 수정·실행 검증은 별도"
"functions/test/contexts/payment-capture/android-payment-ingestion/diagnostic-retention.contract.test.ts","test","payment-capture/android-payment-ingestion","본문 전체 읽음","capture-tests-followup","계약 수정·실행 검증은 별도"
"functions/test/contexts/payment-capture/android-payment-ingestion/gyeonggi-cancellation.contract.test.ts","test","payment-capture/android-payment-ingestion","본문 전체 읽음","capture-tests-followup","계약 수정·실행 검증은 별도"
"functions/test/contexts/payment-capture/android-payment-ingestion/sms-parser-order.contract.test.ts","test","payment-capture/android-payment-ingestion","본문 전체 읽음","capture-tests-followup","계약 수정·실행 검증은 별도"
"functions/test/contexts/payment-capture/payment-configuration/merchant-rule-category-remap.contract.test.ts","test","payment-capture/payment-configuration","본문 전체 읽음","capture-tests-followup","계약 수정·실행 검증은 별도"
"functions/test/contexts/payment-capture/payment-configuration/merchant-rule-command-boundary.contract.test.ts","test","payment-capture/payment-configuration","본문 전체 읽음","capture-tests-followup","계약 수정·실행 검증은 별도"
"functions/test/contexts/payment-capture/payment-configuration/merchant-rule-selection.contract.test.ts","test","payment-capture/payment-configuration","본문 전체 읽음","capture-tests-followup","계약 수정·실행 검증은 별도"
"functions/test/contexts/payment-capture/payment-configuration/own-card-resolution.contract.test.ts","test","payment-capture/payment-configuration","본문 전체 읽음","capture-tests-followup","계약 수정·실행 검증은 별도"
"functions/test/contexts/payment-capture/payment-configuration/payment-draft-enrichment-boundaries.contract.test.ts","test","payment-capture/payment-configuration","본문 전체 읽음","capture-tests-followup","계약 수정·실행 검증은 별도"
"functions/test/contexts/payment-capture/payment-configuration/payment-draft-enrichment.contract.test.ts","test","payment-capture/payment-configuration","본문 전체 읽음","capture-tests-followup","계약 수정·실행 검증은 별도"
"functions/test/contexts/payment-capture/payment-configuration/registered-card-command-boundary.contract.test.ts","test","payment-capture/payment-configuration","본문 전체 읽음","capture-tests-followup","계약 수정·실행 검증은 별도"
"functions/test/contexts/payment-capture/shared/payment-occurrence-year.contract.test.ts","test","payment-capture/shared","본문 전체 읽음","capture-tests-followup","계약 수정·실행 검증은 별도"
"functions/test/contexts/payment-capture/shortcut-ingestion/legacy-shortcut-owner-policy.contract.test.ts","test","payment-capture/shortcut-ingestion","본문 전체 읽음","capture-tests-followup","계약 수정·실행 검증은 별도"
"functions/test/contexts/payment-capture/shortcut-ingestion/shortcut-card-message-parser-golden.contract.test.ts","test","payment-capture/shortcut-ingestion","본문 전체 읽음","capture-tests-followup","계약 수정·실행 검증은 별도"
"functions/test/contexts/payment-capture/shortcut-ingestion/shortcut-credential-lifecycle.contract.test.ts","test","payment-capture/shortcut-ingestion","본문 전체 읽음","capture-tests-followup","계약 수정·실행 검증은 별도"
"functions/test/contexts/payment-capture/shortcut-ingestion/shortcut-credential-storage-and-installer.contract.test.ts","test","payment-capture/shortcut-ingestion","본문 전체 읽음","capture-tests-followup","계약 수정·실행 검증은 별도"
"functions/test/contexts/payment-capture/shortcut-ingestion/shortcut-http-inbound.contract.test.ts","test","payment-capture/shortcut-ingestion","본문 전체 읽음","capture-tests-followup","계약 수정·실행 검증은 별도"
"functions/test/contexts/payment-capture/shortcut-ingestion/shortcut-value-normalizer.contract.test.ts","test","payment-capture/shortcut-ingestion","본문 전체 읽음","capture-tests-followup","계약 수정·실행 검증은 별도"
"functions/test/contexts/portfolio/asset-automation-date-policy.contract.test.ts","test","portfolio/asset-automation-date-policy.contract.test.ts","본문 전체 읽음","root-tests","계약 수정·실행 검증은 별도"
"functions/test/contexts/portfolio/asset-automation-scheduled-runtime.contract.test.ts","test","portfolio/asset-automation-scheduled-runtime.contract.test.ts","본문 전체 읽음","root-tests","계약 수정·실행 검증은 별도"
"functions/test/contexts/portfolio/asset-history-live-today.contract.test.ts","test","portfolio/asset-history-live-today.contract.test.ts","본문 전체 읽음","root-tests","계약 수정·실행 검증은 별도"
"functions/test/contexts/portfolio/asset-lifecycle-workflow.contract.test.ts","test","portfolio/asset-lifecycle-workflow.contract.test.ts","본문 전체 읽음","root-tests","계약 수정·실행 검증은 별도"
"functions/test/contexts/portfolio/asset-operational-restoration.contract.test.ts","test","portfolio/asset-operational-restoration.contract.test.ts","본문 전체 읽음","root-tests","계약 수정·실행 검증은 별도"
"functions/test/contexts/portfolio/asset-snapshot-projection.contract.test.ts","test","portfolio/asset-snapshot-projection.contract.test.ts","본문 전체 읽음","root-tests","계약 수정·실행 검증은 별도"
"functions/test/contexts/portfolio/dividend-state-transition-contract.contract.test.ts","test","portfolio/dividend-state-transition-contract.contract.test.ts","본문 전체 읽음","root-tests","계약 수정·실행 검증은 별도"
"functions/test/contexts/portfolio/fund-instrument-nav.contract.test.ts","test","portfolio/fund-instrument-nav.contract.test.ts","본문 전체 읽음","root-tests","계약 수정·실행 검증은 별도"
"functions/test/contexts/portfolio/instrument-catalog.contract.test.ts","test","portfolio/instrument-catalog.contract.test.ts","본문 전체 읽음","root-tests","계약 수정·실행 검증은 별도"
"functions/test/contexts/portfolio/instrument-search-ranking.contract.test.ts","test","portfolio/instrument-search-ranking.contract.test.ts","본문 전체 읽음","root-tests","계약 수정·실행 검증은 별도"
"functions/test/contexts/portfolio/portfolio-market-refresh-policy.test.ts","test","portfolio/portfolio-market-refresh-policy.test.ts","본문 전체 읽음","root-tests","계약 수정·실행 검증은 별도"
"functions/test/contexts/portfolio/portfolio-totals.contract.test.ts","test","portfolio/portfolio-totals.contract.test.ts","본문 전체 읽음","root-tests","계약 수정·실행 검증은 별도"
"functions/test/contexts/supporting-platform/delivery-assurance/deployment-provenance.contract.test.ts","test","supporting-platform/delivery-assurance","본문 전체 읽음","platform-tests","계약 수정·실행 검증은 별도"
"functions/test/contexts/supporting-platform/delivery-assurance/deployment-target-compatibility.contract.test.ts","test","supporting-platform/delivery-assurance","본문 전체 읽음","platform-tests","계약 수정·실행 검증은 별도"
"functions/test/contexts/supporting-platform/external-operations/provider-health-alerting.contract.test.ts","test","supporting-platform/external-operations","본문 전체 읽음","platform-tests","계약 수정·실행 검증은 별도"
"functions/test/contexts/supporting-platform/external-operations/scheduled-job-execution.contract.test.ts","test","supporting-platform/external-operations","본문 전체 읽음","platform-tests","계약 수정·실행 검증은 별도"
"functions/test/contexts/supporting-platform/external-operations/scheduled-job-monitor.contract.test.ts","test","supporting-platform/external-operations","본문 전체 읽음","platform-tests","계약 수정·실행 검증은 별도"
"functions/test/contexts/supporting-platform/reporting/asset-statistics-period-filter.contract.test.ts","test","supporting-platform/reporting","본문 전체 읽음","root-tests","계약 수정·실행 검증은 별도"
"functions/test/contexts/supporting-platform/reporting/bounded-reporting-query.contract.test.ts","test","supporting-platform/reporting","본문 전체 읽음","root-tests","계약 수정·실행 검증은 별도"
"functions/test/contexts/supporting-platform/reporting/historical-asset-dimensions.contract.test.ts","test","supporting-platform/reporting","본문 전체 읽음","root-tests","계약 수정·실행 검증은 별도"
"functions/test/contexts/supporting-platform/reporting/ledger-statistics.contract.test.ts","test","supporting-platform/reporting","본문 전체 읽음","root-tests","계약 수정·실행 검증은 별도"
"functions/test/contexts/supporting-platform/reporting/reporting-action-authoritative-state.contract.test.ts","test","supporting-platform/reporting","본문 전체 읽음","root-tests","계약 수정·실행 검증은 별도"
"functions/test/contexts/supporting-platform/reporting/reporting-category-actions.contract.test.ts","test","supporting-platform/reporting","본문 전체 읽음","root-tests","계약 수정·실행 검증은 별도"
"functions/test/contexts/supporting-platform/usage-observability/member-access-stats.contract.test.ts","test","supporting-platform/usage-observability","본문 전체 읽음","platform; platform-tests","계약 수정·실행 검증은 별도"
"functions/test/contexts/system/member-reference-migration.contract.test.ts","test","system/member-reference-migration.contract.test.ts","본문 전체 읽음","platform-tests","계약 수정·실행 검증은 별도"
"functions/test/contexts/system/shared-value-contracts.contract.test.ts","test","system/shared-value-contracts.contract.test.ts","본문 전체 읽음","platform-tests","계약 수정·실행 검증은 별도"
"functions/test/contracts/operations/scheduled-job-definitions.contract.test.ts","test","server-platform","본문 전체 읽음","platform-tests","계약 수정·실행 검증은 별도"
"functions/test/contracts/operations/scheduled-job-manifest.contract.test.ts","test","server-platform","본문 전체 읽음","platform-tests","계약 수정·실행 검증은 별도"
"functions/test/contracts/payment-capture/android-raw-notification.contract.test.ts","test","server-platform","본문 전체 읽음","root-tests","계약 수정·실행 검증은 별도"
"functions/test/contracts/payment-capture/capture-envelope.contract.test.ts","test","server-platform","본문 전체 읽음","root-tests","계약 수정·실행 검증은 별도"
"functions/test/contracts/payment-capture/parser-golden-fixtures.test.ts","test","server-platform","본문 전체 읽음","root-tests","계약 수정·실행 검증은 별도"
"functions/test/contracts/payment-capture/payment-occurrence-year.contract.test.ts","test","server-platform","본문 전체 읽음","root-tests","계약 수정·실행 검증은 별도"
"functions/test/contracts/payment-capture/shortcut-payment-wire.contract.test.ts","test","server-platform","본문 전체 읽음","root-tests","계약 수정·실행 검증은 별도"
"functions/test/contracts/portfolio/portfolio-household-queries.contract.test.ts","test","server-platform","본문 전체 읽음","root-tests","계약 수정·실행 검증은 별도"
"functions/test/contracts/system/household-command-manifest.contract.test.ts","test","server-platform","본문 전체 읽음","platform-tests","계약 수정·실행 검증은 별도"
"functions/test/contracts/system/household-command-wire.contract.test.ts","test","server-platform","본문 전체 읽음","platform-tests","계약 수정·실행 검증은 별도"
"functions/test/contracts/system/household-query-wire.contract.test.ts","test","server-platform","본문 전체 읽음","platform-tests","계약 수정·실행 검증은 별도"
"functions/test/integration/callable/firebase-callable-wire.integration.test.ts","test","server-platform","본문 전체 읽음","platform-tests","계약 수정·실행 검증은 별도"
"functions/test/integration/firebase/capture-submission-receipt-concurrency.integration.test.ts","test","server-platform","본문 전체 읽음","root-tests","계약 수정·실행 검증은 별도"
"functions/test/integration/firebase/firebase-access-command-adapters.integration.test.ts","test","server-platform","본문 전체 읽음","platform-tests","계약 수정·실행 검증은 별도"
"functions/test/integration/firebase/firebase-access-operations.integration.test.ts","test","server-platform","본문 전체 읽음","platform-tests","계약 수정·실행 검증은 별도"
"functions/test/integration/firebase/firebase-admin-access.integration.test.ts","test","server-platform","본문 전체 읽음","platform-tests","계약 수정·실행 검증은 별도"
"functions/test/integration/firebase/firebase-asset-automation-schedule.integration.test.ts","test","server-platform","본문 전체 읽음","root-tests","계약 수정·실행 검증은 별도"
"functions/test/integration/firebase/firebase-asset-history-migration.integration.test.ts","test","server-platform","본문 전체 읽음","root-tests","계약 수정·실행 검증은 별도"
"functions/test/integration/firebase/firebase-asset-owner-profile-runtime.integration.test.ts","test","server-platform","본문 전체 읽음","platform-tests","계약 수정·실행 검증은 별도"
"functions/test/integration/firebase/firebase-asset-snapshot-projection.integration.test.ts","test","server-platform","본문 전체 읽음","root-tests","계약 수정·실행 검증은 별도"
"functions/test/integration/firebase/firebase-dividend-schedule.integration.test.ts","test","server-platform","본문 전체 읽음","root-tests","계약 수정·실행 검증은 별도"
"functions/test/integration/firebase/firebase-finance-command-adapters.integration.test.ts","test","server-platform","본문 전체 읽음","root-tests","계약 수정·실행 검증은 별도"
"functions/test/integration/firebase/firebase-firestore-ttl.integration.test.ts","test","server-platform","본문 전체 읽음","platform-tests","계약 수정·실행 검증은 별도"
"functions/test/integration/firebase/firebase-local-currency-balance.integration.test.ts","test","server-platform","본문 전체 읽음","root-tests","계약 수정·실행 검증은 별도"
"functions/test/integration/firebase/firebase-notification-diagnostic.integration.test.ts","test","server-platform","본문 전체 읽음","root-tests","계약 수정·실행 검증은 별도"
"functions/test/integration/firebase/firebase-runtime-migration.integration.test.ts","test","server-platform","본문 전체 읽음","platform-tests","계약 수정·실행 검증은 별도"
"functions/test/integration/firebase/firebase-scheduled-job-status-summary.integration.test.ts","test","server-platform","본문 전체 읽음","platform-tests","계약 수정·실행 검증은 별도"
"functions/test/integration/firebase/firebase-shortcut-receipt-purge.integration.test.ts","test","server-platform","본문 전체 읽음","root-tests","계약 수정·실행 검증은 별도"
"functions/test/integration/firebase/firebase-storage-cleanup.integration.test.ts","test","server-platform","본문 전체 읽음","platform-tests","계약 수정·실행 검증은 별도"
"functions/test/integration/firebase/firebase-storage-consolidation.integration.test.ts","test","server-platform","본문 전체 읽음","platform-tests","계약 수정·실행 검증은 별도"
"functions/test/integration/firebase/payment-configuration-mapping.integration.test.ts","test","server-platform","본문 전체 읽음","root-tests","계약 수정·실행 검증은 별도"
"functions/test/integration/firestore/firestore-rules.integration.test.ts","test","server-platform","본문 전체 읽음","platform-tests","계약 수정·실행 검증은 별도"
"functions/test/integration/storage/storage-rules.integration.test.ts","test","server-platform","본문 전체 읽음","platform-tests","계약 수정·실행 검증은 별도"
"functions/test/observability/client-startup-diagnostics.test.ts","test","server-platform","본문 전체 읽음","platform-tests","계약 수정·실행 검증은 별도"
"functions/test/observability/interactive-latency.test.ts","test","server-platform","본문 전체 읽음","platform-tests","계약 수정·실행 검증은 별도"
"functions/test/operations/emulator-secret-files.test.ts","test","server-platform","본문 전체 읽음","platform-tests","계약 수정·실행 검증은 별도"
"functions/test/operations/runtime-reconciliation-model.test.ts","test","server-platform","본문 전체 읽음","platform-tests","계약 수정·실행 검증은 별도"
"functions/test/operations/scheduling/asset-valuation-scheduled-pages.test.ts","test","server-platform","본문 전체 읽음","finance-tests","계약 수정·실행 검증은 별도"
"functions/test/operations/scheduling/billing-cost-scheduled-pages.test.ts","test","server-platform","본문 전체 읽음","platform-tests","계약 수정·실행 검증은 별도"
"functions/test/operations/scheduling/scheduled-occurrence.test.ts","test","server-platform","본문 전체 읽음","platform-tests","계약 수정·실행 검증은 별도"
"functions/test/operations/storage-consolidation-ledger.test.ts","test","server-platform","본문 전체 읽음","finance-tests","계약 수정·실행 검증은 별도"
"functions/test/operations/storage-consolidation-payment.test.ts","test","server-platform","본문 전체 읽음","finance-tests","계약 수정·실행 검증은 별도"
"functions/test/platform/admin-operations/billing-cost-summary.test.ts","test","server-platform","본문 전체 읽음","platform-tests","계약 수정·실행 검증은 별도"
"functions/test/platform/safe-external-text-http.contract.test.ts","test","server-platform","본문 전체 읽음","platform-tests","계약 수정·실행 검증은 별도"
"functions/test/support/admin-household-console-fixture.ts","test","server-platform","본문 전체 읽음","platform-tests","계약 수정·실행 검증은 별도"
"functions/test/support/asset-automation-scheduled-runtime-fixture.ts","test","server-platform","본문 전체 읽음","finance-tests","계약 수정·실행 검증은 별도"
"functions/test/support/asset-lifecycle-workflow-driver.ts","test","server-platform","본문 전체 읽음","finance-tests","계약 수정·실행 검증은 별도"
"functions/test/support/asset-operational-restoration-driver.ts","test","server-platform","본문 전체 읽음","finance-tests","계약 수정·실행 검증은 별도"
"functions/test/support/asset-owner-profile-fixture.ts","test","server-platform","본문 전체 읽음","platform-tests","계약 수정·실행 검증은 별도"
"functions/test/support/asset-snapshot-projection-fixture.ts","test","server-platform","본문 전체 읽음","finance-tests","계약 수정·실행 검증은 별도"
"functions/test/support/balance-branch-integration-driver.ts","test","server-platform","본문 전체 읽음","finance-tests","계약 수정·실행 검증은 별도"
"functions/test/support/basic-ledger-commands-fixture.ts","test","server-platform","본문 전체 읽음","finance-tests","계약 수정·실행 검증은 별도"
"functions/test/support/bounded-reporting-fixture.ts","test","server-platform","본문 전체 읽음","finance; finance-tests","계약 수정·실행 검증은 별도"
"functions/test/support/capture-branch-receipt-fixture.ts","test","server-platform","본문 전체 읽음","finance-tests","계약 수정·실행 검증은 별도"
"functions/test/support/capture-submission-receipt-driver.ts","test","server-platform","본문 전체 읽음","finance-tests","계약 수정·실행 검증은 별도"
"functions/test/support/category-catalog-document.ts","test","server-platform","본문 전체 읽음","finance-tests","계약 수정·실행 검증은 별도"
"functions/test/support/category-catalog-fixture.ts","test","server-platform","본문 전체 읽음","finance-tests","계약 수정·실행 검증은 별도"
"functions/test/support/city-gas-parser-driver.ts","test","server-platform","본문 전체 읽음","finance-tests","계약 수정·실행 검증은 별도"
"functions/test/support/contract-json.ts","test","server-platform","본문 전체 읽음","platform-tests","계약 수정·실행 검증은 별도"
"functions/test/support/delivery-assurance-driver.ts","test","server-platform","본문 전체 읽음","finance-tests","계약 수정·실행 검증은 별도"
"functions/test/support/delivery-reconciliation-driver.ts","test","server-platform","본문 전체 읽음","finance-tests","계약 수정·실행 검증은 별도"
"functions/test/support/deployment-provenance-fixture.ts","test","server-platform","본문 전체 읽음","platform-tests","계약 수정·실행 검증은 별도"
"functions/test/support/deployment-target-compatibility-fixture.ts","test","server-platform","본문 전체 읽음","platform-tests","계약 수정·실행 검증은 별도"
"functions/test/support/diagnostic-retention-driver.ts","test","server-platform","본문 전체 읽음","finance-tests","계약 수정·실행 검증은 별도"
"functions/test/support/google-onboarding-invitation-fixture.ts","test","server-platform","본문 전체 읽음","platform-tests","계약 수정·실행 검증은 별도"
"functions/test/support/household-lifecycle-fixture.ts","test","server-platform","본문 전체 읽음","platform-tests","계약 수정·실행 검증은 별도"
"functions/test/support/household-purge-process-fixture.ts","test","server-platform","본문 전체 읽음","platform-tests","계약 수정·실행 검증은 별도"
"functions/test/support/in-memory-firestore.test.ts","test","server-platform","본문 전체 읽음","platform-tests","계약 수정·실행 검증은 별도"
"functions/test/support/in-memory-firestore.ts","test","server-platform","본문 전체 읽음","platform-tests","계약 수정·실행 검증은 별도"
"functions/test/support/instrument-catalog-fixture.ts","test","server-platform","본문 전체 읽음","finance-tests","계약 수정·실행 검증은 별도"
"functions/test/support/instrument-catalog-source-fixture.ts","test","server-platform","본문 전체 읽음","finance-tests","계약 수정·실행 검증은 별도"
"functions/test/support/instrument-search-ranking-fixture.ts","test","server-platform","본문 전체 읽음","finance-tests","계약 수정·실행 검증은 별도"
"functions/test/support/item-split-restoration-fixture.ts","test","server-platform","본문 전체 읽음","finance-tests","계약 수정·실행 검증은 별도"
"functions/test/support/ledger-statistics-fixture.ts","test","server-platform","본문 전체 읽음","finance-tests","계약 수정·실행 검증은 별도"
"functions/test/support/legacy-membership-migration-fixture.ts","test","server-platform","본문 전체 읽음","platform-tests","계약 수정·실행 검증은 별도"
"functions/test/support/legacy-shortcut-owner-policy-fixture.ts","test","server-platform","본문 전체 읽음","finance-tests","계약 수정·실행 검증은 별도"
"functions/test/support/local-currency-balance-driver.ts","test","server-platform","본문 전체 읽음","finance-tests","계약 수정·실행 검증은 별도"
"functions/test/support/member-reference-migration-fixture.ts","test","server-platform","본문 전체 읽음","platform-tests","계약 수정·실행 검증은 별도"
"functions/test/support/member-removal-restoration-fixture.ts","test","server-platform","본문 전체 읽음","platform-tests","계약 수정·실행 검증은 별도"
"functions/test/support/member-rename-fixture.ts","test","server-platform","본문 전체 읽음","platform; platform-tests","계약 수정·실행 검증은 별도"
"functions/test/support/merchant-rule-category-remap-fixture.ts","test","server-platform","본문 전체 읽음","finance-tests","계약 수정·실행 검증은 별도"
"functions/test/support/merchant-rule-command-boundary-fixture.ts","test","server-platform","본문 전체 읽음","finance-tests","계약 수정·실행 검증은 별도"
"functions/test/support/mobile-fid-registration-driver.ts","test","server-platform","본문 전체 읽음","finance-tests","계약 수정·실행 검증은 별도"
"functions/test/support/monthly-split-lifecycle-fixture.ts","test","server-platform","본문 전체 읽음","finance-tests","계약 수정·실행 검증은 별도"
"functions/test/support/notification-household-purge-driver.ts","test","server-platform","본문 전체 읽음","finance-tests","계약 수정·실행 검증은 별도"
"functions/test/support/payment-occurrence-year-fixture.ts","test","server-platform","본문 전체 읽음","finance-tests","계약 수정·실행 검증은 별도"
"functions/test/support/provider-health-alerting-fixture.ts","test","server-platform","본문 전체 읽음","platform-tests","계약 수정·실행 검증은 별도"
"functions/test/support/provider-parser-golden-driver.ts","test","server-platform","본문 전체 읽음","finance-tests","계약 수정·실행 검증은 별도"
"functions/test/support/raw-notification-submission-driver.ts","test","server-platform","본문 전체 읽음","finance-tests","계약 수정·실행 검증은 별도"
"functions/test/support/recurring-category-remap-fixture.ts","test","server-platform","본문 전체 읽음","finance-tests","계약 수정·실행 검증은 별도"
"functions/test/support/recurring-plan-management-fixture.ts","test","server-platform","본문 전체 읽음","finance-tests","계약 수정·실행 검증은 별도"
"functions/test/support/recurring-processing-fixture.ts","test","server-platform","본문 전체 읽음","finance; finance-tests","계약 수정·실행 검증은 별도"
"functions/test/support/registered-card-command-boundary-fixture.ts","test","server-platform","본문 전체 읽음","finance-tests","계약 수정·실행 검증은 별도"
"functions/test/support/reporting-authoritative-action-fixture.ts","test","server-platform","본문 전체 읽음","finance; finance-tests","계약 수정·실행 검증은 별도"
"functions/test/support/reporting-category-action-fixture.ts","test","server-platform","본문 전체 읽음","finance; finance-tests","계약 수정·실행 검증은 별도"
"functions/test/support/scheduled-job-execution-fixture.ts","test","server-platform","본문 전체 읽음","platform-tests","계약 수정·실행 검증은 별도"
"functions/test/support/scheduled-job-monitor-fixture.ts","test","server-platform","본문 전체 읽음","platform-tests","계약 수정·실행 검증은 별도"
"functions/test/support/shortcut-card-message-parser-driver.ts","test","server-platform","본문 전체 읽음","finance-tests","계약 수정·실행 검증은 별도"
"functions/test/support/shortcut-credential-lifecycle-driver.ts","test","server-platform","본문 전체 읽음","finance-tests","계약 수정·실행 검증은 별도"
"functions/test/support/shortcut-credential-storage-installer-fixture.ts","test","server-platform","본문 전체 읽음","finance-tests","계약 수정·실행 검증은 별도"
"functions/test/support/shortcut-http-inbound-driver.ts","test","server-platform","본문 전체 읽음","finance-tests","계약 수정·실행 검증은 별도"
"functions/test/support/sms-parser-order-driver.ts","test","server-platform","본문 전체 읽음","server-boundaries; finance-tests","계약 수정·실행 검증은 별도"
"functions/test/support/tenant-authorization-fixture.ts","test","server-platform","본문 전체 읽음","platform-tests","계약 수정·실행 검증은 별도"
"functions/test/support/transformation-lineage-fixture.ts","test","server-platform","본문 전체 읽음","finance-tests","계약 수정·실행 검증은 별도"
"functions/test/unit/dividend-provider-run-health-policy.test.ts","test","server-platform","본문 전체 읽음","root-tests","계약 수정·실행 검증은 별도"
"functions/test/unit/dividend-scheduled-provider-health.test.ts","test","server-platform","본문 전체 읽음","root-tests","계약 수정·실행 검증은 별도"
"functions/test/unit/expense-tags.test.ts","test","server-platform","본문 전체 읽음","root-tests","계약 수정·실행 검증은 별도"
"functions/test/unit/portfolio-runtime-valuation.test.ts","test","server-platform","본문 전체 읽음","root-tests","계약 수정·실행 검증은 별도"
"functions/test/unit/provider-health-success-read.test.ts","test","server-platform","본문 전체 읽음","platform-tests","계약 수정·실행 검증은 별도"
"functions/test/unit/shortcut-accepted-message-diagnostic.test.ts","test","server-platform","본문 전체 읽음","root-tests","계약 수정·실행 검증은 별도"
"functions/test/unit/shortcut-cancellation-response.test.ts","test","server-platform","본문 전체 읽음","root-tests","계약 수정·실행 검증은 별도"
"functions/test/unit/shortcut-http-raw-message-diagnostic.test.ts","test","server-platform","본문 전체 읽음","root-tests","계약 수정·실행 검증은 별도"
"functions/test/unit/shortcut-rejected-message-diagnostic.test.ts","test","server-platform","본문 전체 읽음","root-tests","계약 수정·실행 검증은 별도"
"functions/tsconfig.json","configuration","server-platform","본문 전체 읽음","root-tests","계약 수정·실행 검증은 별도"
"functions/tsconfig.test.json","test","server-platform","본문 전체 읽음","root-tests","계약 수정·실행 검증은 별도"
"functions/vitest.config.ts","configuration","server-platform","본문 전체 읽음","root-tests","계약 수정·실행 검증은 별도"
"storage.cors.json","configuration","delivery-configuration","본문 전체 읽음","root-tests","계약 수정·실행 검증은 별도"
"storage.rules","configuration","delivery-configuration","본문 전체 읽음","platform","계약 수정·실행 검증은 별도"
"tools/build/clean-functions-output.mjs","tool","delivery-configuration","본문 전체 읽음","tooling","계약 수정·실행 검증은 별도"
"tools/build/copy-functions-contracts.mjs","tool","delivery-configuration","본문 전체 읽음","tooling","계약 수정·실행 검증은 별도"
"tools/build/prepare-functions-codebase.mjs","tool","delivery-configuration","본문 전체 읽음","tooling","계약 수정·실행 검증은 별도"
"tools/ci/android-instrumentation-scope.d.mts","tool","delivery-configuration","본문 전체 읽음","tooling","계약 수정·실행 검증은 별도"
"tools/ci/android-instrumentation-scope.mjs","tool","delivery-configuration","본문 전체 읽음","tooling","계약 수정·실행 검증은 별도"
"tools/ci/prepare-android-ui.mjs","tool","delivery-configuration","본문 전체 읽음","tooling","계약 수정·실행 검증은 별도"
"tools/ci/prepare-android-ui.test.mjs","test","delivery-configuration","본문 전체 읽음","tooling","계약 수정·실행 검증은 별도"
"tools/ci/quality-summary.mjs","tool","delivery-configuration","본문 전체 읽음","tooling","계약 수정·실행 검증은 별도"
"tools/e2e/check-dependencies.mjs","test","delivery-configuration","본문 전체 읽음","tooling","계약 수정·실행 검증은 별도"
"tools/e2e/emulator-secrets.mjs","test","delivery-configuration","본문 전체 읽음","tooling","계약 수정·실행 검증은 별도"
"tools/e2e/firebase-emulators.mjs","test","delivery-configuration","본문 전체 읽음","tooling","계약 수정·실행 검증은 별도"
"tools/e2e/firebase-fcm-transport.cjs","test","delivery-configuration","본문 전체 읽음","tooling","계약 수정·실행 검증은 별도"
"tools/e2e/firebase-google-cloud-transport.cjs","test","delivery-configuration","본문 전체 읽음","tooling","계약 수정·실행 검증은 별도"
"tools/e2e/native-command-gate.mjs","test","delivery-configuration","본문 전체 읽음","tooling","계약 수정·실행 검증은 별도"
"tools/e2e/native-command-gate.test.mjs","test","delivery-configuration","본문 전체 읽음","tooling","계약 수정·실행 검증은 별도"
"tools/e2e/native-firebase.mjs","test","delivery-configuration","본문 전체 읽음","tooling","계약 수정·실행 검증은 별도"
"tools/e2e/native-web-runtime.mjs","test","delivery-configuration","본문 전체 읽음","tooling","계약 수정·실행 검증은 별도"
"tools/e2e/structured-log.mjs","test","delivery-configuration","본문 전체 읽음","tooling","계약 수정·실행 검증은 별도"
"tools/e2e/structured-log.test.mjs","test","delivery-configuration","본문 전체 읽음","tooling","계약 수정·실행 검증은 별도"
"tools/operations/configure-cloud-monitoring.ps1","tool","delivery-configuration","본문 전체 읽음","tooling","계약 수정·실행 검증은 별도"
"tools/performance/budgets.mjs","tool","delivery-configuration","본문 전체 읽음","tooling","계약 수정·실행 검증은 별도"
"tools/performance/budgets.test.mjs","test","delivery-configuration","본문 전체 읽음","platform-tests","계약 수정·실행 검증은 별도"
"tools/performance/html-report.mjs","tool","delivery-configuration","본문 전체 읽음","tooling","계약 수정·실행 검증은 별도"
"tools/performance/html-report.test.mjs","test","delivery-configuration","본문 전체 읽음","platform-tests","계약 수정·실행 검증은 별도"
"tools/performance/prune-artifacts.mjs","tool","delivery-configuration","본문 전체 읽음","tooling","계약 수정·실행 검증은 별도"
"tools/performance/prune-artifacts.test.mjs","test","delivery-configuration","본문 전체 읽음","platform-tests","계약 수정·실행 검증은 별도"
"tools/performance/publish-site.mjs","tool","delivery-configuration","본문 전체 읽음","tooling","계약 수정·실행 검증은 별도"
"tools/performance/publish-site.test.mjs","test","delivery-configuration","본문 전체 읽음","platform-tests","계약 수정·실행 검증은 별도"
"tools/performance/reporting.test.mjs","test","delivery-configuration","본문 전체 읽음","tooling","계약 수정·실행 검증은 별도"
"tools/performance/statistics.mjs","tool","delivery-configuration","본문 전체 읽음","tooling","계약 수정·실행 검증은 별도"
"tools/performance/statistics.test.mjs","test","delivery-configuration","본문 전체 읽음","tooling","계약 수정·실행 검증은 별도"
"tools/release/gates/runtime-boundary-audit.mjs","tool","delivery-configuration","본문 전체 읽음","platform; tooling","계약 수정·실행 검증은 별도"
"tools/requirements/e2e-coverage.mjs","tool","delivery-configuration","본문 전체 읽음","tooling","계약 수정·실행 검증은 별도"
"tools/requirements/executable-tests.mjs","tool","delivery-configuration","본문 전체 읽음","tooling","계약 수정·실행 검증은 별도"
"tools/requirements/update-catalog.mjs","tool","delivery-configuration","본문 전체 읽음","tooling","계약 수정·실행 검증은 별도"
"web/.gitignore","configuration","web","본문 전체 읽음","root-tests","계약 수정·실행 검증은 별도"
"web/e2e-performance/fixtures.ts","configuration","web","본문 전체 읽음","web-tests","계약 수정·실행 검증은 별도"
"web/e2e-performance/measurement.ts","configuration","web","본문 전체 읽음","root-tests","계약 수정·실행 검증은 별도"
"web/e2e-performance/metrics.ts","configuration","web","본문 전체 읽음","root-tests","계약 수정·실행 검증은 별도"
"web/e2e-performance/performance-server.cjs","configuration","web","본문 전체 읽음","root-tests","계약 수정·실행 검증은 별도"
"web/e2e-performance/reporter.ts","configuration","web","본문 전체 읽음","root-tests","계약 수정·실행 검증은 별도"
"web/e2e-performance/scenarios.spec.ts","test","web","본문 전체 읽음","web-tests","계약 수정·실행 검증은 별도"
"web/e2e-pwa/production-runtime.spec.ts","test","web","본문 전체 읽음","web-tests","계약 수정·실행 검증은 별도"
"web/e2e-pwa/worker-events.spec.ts","test","web","본문 전체 읽음","web-tests","계약 수정·실행 검증은 별도"
"web/e2e/access-household.spec.ts","test","web","본문 전체 읽음","root-tests","계약 수정·실행 검증은 별도"
"web/e2e/admin-portfolio.spec.ts","test","web","본문 전체 읽음","root-tests","계약 수정·실행 검증은 별도"
"web/e2e/emulator.ts","test","web","본문 전체 읽음","root-tests","계약 수정·실행 검증은 별도"
"web/e2e/finance-categories.spec.ts","test","web","본문 전체 읽음","root-tests","계약 수정·실행 검증은 별도"
"web/e2e/finance-currency-recurring.spec.ts","test","web","본문 전체 읽음","root-tests","계약 수정·실행 검증은 별도"
"web/e2e/finance-helpers.ts","test","web","본문 전체 읽음","root-tests","계약 수정·실행 검증은 별도"
"web/e2e/finance-ledger.spec.ts","test","web","본문 전체 읽음","root-tests","계약 수정·실행 검증은 별도"
"web/e2e/finance-search-statistics.spec.ts","test","web","본문 전체 읽음","root-tests","계약 수정·실행 검증은 별도"
"web/e2e/finance-structure.spec.ts","test","web","본문 전체 읽음","root-tests","계약 수정·실행 검증은 별도"
"web/e2e/finance-tags.spec.ts","test","web","본문 전체 읽음","root-tests","계약 수정·실행 검증은 별도"
"web/e2e/firestore-listen-observation.ts","test","web","본문 전체 읽음","root-tests","계약 수정·실행 검증은 별도"
"web/e2e/home-preferences.spec.ts","test","web","본문 전체 읽음","root-tests","계약 수정·실행 검증은 별도"
"web/e2e/ios-startup.spec.ts","test","web","본문 전체 읽음","web-e2e-followup","계약 수정·실행 검증은 별도"
"web/e2e/native-quick-edit.spec.ts","test","web","본문 전체 읽음","web-e2e-followup","계약 수정·실행 검증은 별도"
"web/e2e/notification-deeplink.spec.ts","test","web","본문 전체 읽음","web-e2e-followup","계약 수정·실행 검증은 별도"
"web/e2e/notifications-helpers.ts","test","web","본문 전체 읽음","web-e2e-followup","계약 수정·실행 검증은 별도"
"web/e2e/notifications.spec.ts","test","web","본문 전체 읽음","web-e2e-followup","계약 수정·실행 검증은 별도"
"web/e2e/operations-cli-helpers.ts","test","web","본문 전체 읽음","root-tests","계약 수정·실행 검증은 별도"
"web/e2e/operations-cli.spec.ts","test","web","본문 전체 읽음","root-tests","계약 수정·실행 검증은 별도"
"web/e2e/payment-capture.spec.ts","test","web","본문 전체 읽음","root-tests","계약 수정·실행 검증은 별도"
"web/e2e/payment-configuration.spec.ts","test","web","본문 전체 읽음","root-tests","계약 수정·실행 검증은 별도"
"web/e2e/payment-helpers.ts","test","web","본문 전체 읽음","root-tests","계약 수정·실행 검증은 별도"
"web/e2e/portfolio-helpers.ts","test","web","본문 전체 읽음","root-tests","계약 수정·실행 검증은 별도"
"web/e2e/portfolio-journeys.spec.ts","test","web","본문 전체 읽음","root-tests","계약 수정·실행 검증은 별도"
"web/e2e/portfolio-market-catalog.spec.ts","test","web","본문 전체 읽음","root-tests","계약 수정·실행 검증은 별도"
"web/e2e/portfolio-provider-jobs.spec.ts","test","web","본문 전체 읽음","root-tests","계약 수정·실행 검증은 별도"
"web/e2e/portfolio-reporting.spec.ts","test","web","본문 전체 읽음","root-tests","계약 수정·실행 검증은 별도"
"web/e2e/presentation-layout.spec.ts","test","web","본문 전체 읽음","web-e2e-followup","계약 수정·실행 검증은 별도"
"web/e2e/pwa-authenticated.spec.ts","test","web","본문 전체 읽음","web-e2e-followup","계약 수정·실행 검증은 별도"
"web/e2e/recurring-execution.spec.ts","test","web","본문 전체 읽음","root-tests","계약 수정·실행 검증은 별도"
"web/e2e/settings-navigation.spec.ts","test","web","본문 전체 읽음","web-e2e-followup","계약 수정·실행 검증은 별도"
"web/e2e/shortcut-ingestion.spec.ts","test","web","본문 전체 읽음","root-tests","계약 수정·실행 검증은 별도"
"web/e2e/system-commands.spec.ts","test","web","본문 전체 읽음","root-tests","계약 수정·실행 검증은 별도"
"web/jest.config.js","configuration","web","본문 전체 읽음","root-tests","계약 수정·실행 검증은 별도"
"web/jest.setup.js","configuration","web","본문 전체 읽음","root-tests","계약 수정·실행 검증은 별도"
"web/next-env.d.ts","configuration","web","본문 전체 읽음","root-tests","계약 수정·실행 검증은 별도"
"web/next.config.js","configuration","web","본문 전체 읽음","web source read","계약 수정·실행 검증은 별도"
"web/package.json","configuration","web","본문 전체 읽음","root config read","계약 수정·실행 검증은 별도"
"web/playwright.config.ts","configuration","web","본문 전체 읽음","root-tests","계약 수정·실행 검증은 별도"
"web/playwright.native.config.ts","configuration","web","본문 전체 읽음","root-tests","계약 수정·실행 검증은 별도"
"web/playwright.performance.config.ts","configuration","web","본문 전체 읽음","root-tests","계약 수정·실행 검증은 별도"
"web/playwright.pwa.config.ts","configuration","web","본문 전체 읽음","root-tests","계약 수정·실행 검증은 별도"
"web/postcss.config.js","configuration","web","본문 전체 읽음","root-tests","계약 수정·실행 검증은 별도"
"web/public/manifest.json","configuration","web","본문 전체 읽음","root-tests","계약 수정·실행 검증은 별도"
"web/scripts/finalize-production-artifact.cjs","tool","web","본문 전체 읽음","tooling","계약 수정·실행 검증은 별도"
"web/scripts/productionSecurityPolicy.cjs","tool","web","본문 전체 읽음","tooling","계약 수정·실행 검증은 별도"
"web/scripts/vercel-ignore.cjs","tool","web","본문 전체 읽음","tooling","계약 수정·실행 검증은 별도"
"web/src/__tests__/architecture/appDialog.contract.test.tsx","test","web","본문 전체 읽음","web-tests","계약 수정·실행 검증은 별도"
"web/src/__tests__/architecture/runtimeBoundaries.contract.test.ts","test","web","본문 전체 읽음","web-tests; web source read","계약 수정·실행 검증은 별도"
"web/src/__tests__/components/FormattedIntegerInput.test.tsx","test","web","본문 전체 읽음","web-tests","계약 수정·실행 검증은 별도"
"web/src/__tests__/components/HomeHeaderAssetIntent.contract.test.tsx","test","web","본문 전체 읽음","web-tests","계약 수정·실행 검증은 별도"
"web/src/__tests__/components/NotificationSettings.contract.test.tsx","test","web","본문 전체 읽음","web-tests","계약 수정·실행 검증은 별도"
"web/src/__tests__/components/ShortcutSettings.test.tsx","test","web","본문 전체 읽음","web-tests","계약 수정·실행 검증은 별도"
"web/src/__tests__/composition/clientSessionScope.contract.test.ts","test","web","본문 전체 읽음","web-tests","계약 수정·실행 검증은 별도"
"web/src/__tests__/features/access-household/adminBillingCost.contract.test.tsx","test","web","본문 전체 읽음","web-tests","계약 수정·실행 검증은 별도"
"web/src/__tests__/features/access-household/adminCreationCopy.contract.test.tsx","test","web","본문 전체 읽음","web-tests","계약 수정·실행 검증은 별도"
"web/src/__tests__/features/access-household/adminFunctionLatency.contract.test.tsx","test","web","본문 전체 읽음","web-tests","계약 수정·실행 검증은 별도"
"web/src/__tests__/features/access-household/adminHouseholdViewSelection.contract.test.ts","test","web","본문 전체 읽음","web-tests","계약 수정·실행 검증은 별도"
"web/src/__tests__/features/access-household/adminRequestScope.contract.test.tsx","test","web","본문 전체 읽음","web-tests","계약 수정·실행 검증은 별도"
"web/src/__tests__/features/access-household/householdCreationNaming.contract.test.tsx","test","web","본문 전체 읽음","web-tests","계약 수정·실행 검증은 별도"
"web/src/__tests__/features/assetDividendChartIdentity.contract.test.tsx","test","web","본문 전체 읽음","web-tests","계약 수정·실행 검증은 별도"
"web/src/__tests__/features/assetOwnerProfileReadModel.contract.test.ts","test","web","본문 전체 읽음","web-tests","계약 수정·실행 검증은 별도"
"web/src/__tests__/features/categoryCompatibility.contract.test.ts","test","web","본문 전체 읽음","web-tests","계약 수정·실행 검증은 별도"
"web/src/__tests__/features/categorySettingsMutationFeedback.contract.test.tsx","test","web","본문 전체 읽음","web-tests","계약 수정·실행 검증은 별도"
"web/src/__tests__/features/chartMotion.server.test.tsx","test","web","본문 전체 읽음","web-tests","계약 수정·실행 검증은 별도"
"web/src/__tests__/features/chartMotion.test.tsx","test","web","본문 전체 읽음","web-tests","계약 수정·실행 검증은 별도"
"web/src/__tests__/features/deferredHomeContent.contract.test.tsx","test","web","본문 전체 읽음","web-tests","계약 수정·실행 검증은 별도"
"web/src/__tests__/features/expenseChartInputs.test.tsx","test","web","본문 전체 읽음","web-tests","계약 수정·실행 검증은 별도"
"web/src/__tests__/features/expenseCreateSplitFeedback.contract.test.tsx","test","web","본문 전체 읽음","web-tests","계약 수정·실행 검증은 별도"
"web/src/__tests__/features/expenseDetailModalOwnership.contract.test.tsx","test","web","본문 전체 읽음","web-tests","계약 수정·실행 검증은 별도"
"web/src/__tests__/features/expenseEditSavePipeline.contract.test.tsx","test","web","본문 전체 읽음","web-tests","계약 수정·실행 검증은 별도"
"web/src/__tests__/features/expenseMergeLineage.contract.test.tsx","test","web","본문 전체 읽음","web-tests","계약 수정·실행 검증은 별도"
"web/src/__tests__/features/expenseStatisticsCache.test.ts","test","web","본문 전체 읽음","web-tests","계약 수정·실행 검증은 별도"
"web/src/__tests__/features/expenseStatisticsConfirmedMutation.test.ts","test","web","본문 전체 읽음","web-tests","계약 수정·실행 검증은 별도"
"web/src/__tests__/features/expenseStatisticsMutationInvalidation.test.ts","test","web","본문 전체 읽음","web-tests","계약 수정·실행 검증은 별도"
"web/src/__tests__/features/expenseTagsForm.contract.test.tsx","test","web","본문 전체 읽음","web-tests","계약 수정·실행 검증은 별도"
"web/src/__tests__/features/homeFirstCompletePaint.contract.test.tsx","test","web","본문 전체 읽음","web-tests","계약 수정·실행 검증은 별도"
"web/src/__tests__/features/homePreferencesSettings.test.tsx","test","web","본문 전체 읽음","web-tests","계약 수정·실행 검증은 별도"
"web/src/__tests__/features/homeProgressiveSummary.contract.test.tsx","test","web","본문 전체 읽음","web-tests","계약 수정·실행 검증은 별도"
"web/src/__tests__/features/homeReadModelComposition.contract.test.tsx","test","web","본문 전체 읽음","web-tests","계약 수정·실행 검증은 별도"
"web/src/__tests__/features/homeServerFirstRead.contract.test.ts","test","web","본문 전체 읽음","web-tests","계약 수정·실행 검증은 별도"
"web/src/__tests__/features/homeStartupReadDiagnostics.contract.test.ts","test","web","본문 전체 읽음","web-tests","계약 수정·실행 검증은 별도"
"web/src/__tests__/features/homeSummaryDefault.contract.test.ts","test","web","본문 전체 읽음","web-tests","계약 수정·실행 검증은 별도"
"web/src/__tests__/features/initialHomeRead.contract.test.ts","test","web","본문 전체 읽음","web-tests","계약 수정·실행 검증은 별도"
"web/src/__tests__/features/ledgerCommands.contract.test.ts","test","web","본문 전체 읽음","web-tests","계약 수정·실행 검증은 별도"
"web/src/__tests__/features/ledgerEditDraftPersistence.contract.test.tsx","test","web","본문 전체 읽음","web-tests","계약 수정·실행 검증은 별도"
"web/src/__tests__/features/ledgerExpenseServiceOptimistic.contract.test.ts","test","web","본문 전체 읽음","web-tests","계약 수정·실행 검증은 별도"
"web/src/__tests__/features/ledgerIncrementalSnapshot.contract.test.ts","test","web","본문 전체 읽음","web-tests","계약 수정·실행 검증은 별도"
"web/src/__tests__/features/ledgerOptimisticProjection.contract.test.ts","test","web","본문 전체 읽음","web-tests","계약 수정·실행 검증은 별도"
"web/src/__tests__/features/ledgerPageLifecycles.contract.test.tsx","test","web","본문 전체 읽음","web-tests","계약 수정·실행 검증은 별도"
"web/src/__tests__/features/ledgerReadCardDisplay.contract.test.ts","test","web","본문 전체 읽음","web-tests","계약 수정·실행 검증은 별도"
"web/src/__tests__/features/ledgerReadVisibility.contract.test.ts","test","web","본문 전체 읽음","web-tests","계약 수정·실행 검증은 별도"
"web/src/__tests__/features/ledgerSearchFlow.contract.test.tsx","test","web","본문 전체 읽음","web-tests","계약 수정·실행 검증은 별도"
"web/src/__tests__/features/ledgerSearchVisibility.contract.test.ts","test","web","본문 전체 읽음","web-tests","계약 수정·실행 검증은 별도"
"web/src/__tests__/features/ledgerTagsMapping.contract.test.ts","test","web","본문 전체 읽음","web-tests","계약 수정·실행 검증은 별도"
"web/src/__tests__/features/localCurrencyBalance.contract.test.ts","test","web","본문 전체 읽음","web-tests","계약 수정·실행 검증은 별도"
"web/src/__tests__/features/membershipResolutionRecovery.contract.test.ts","test","web","본문 전체 읽음","web-tests","계약 수정·실행 검증은 별도"
"web/src/__tests__/features/merchantRuleCanonicalRead.contract.test.ts","test","web","본문 전체 읽음","web-tests","계약 수정·실행 검증은 별도"
"web/src/__tests__/features/merchantRuleReorder.contract.test.tsx","test","web","본문 전체 읽음","web-tests","계약 수정·실행 검증은 별도"
"web/src/__tests__/features/monthlyBudgetPolicy.contract.test.ts","test","web","본문 전체 읽음","web-tests","계약 수정·실행 검증은 별도"
"web/src/__tests__/features/optimisticProjectionEmission.test.ts","test","web","본문 전체 읽음","web-tests","계약 수정·실행 검증은 별도"
"web/src/__tests__/features/portfolio/assetAddModalInitialPaint.contract.test.tsx","test","web","본문 전체 읽음","web-tests","계약 수정·실행 검증은 별도"
"web/src/__tests__/features/portfolio/assetCard.contract.test.tsx","test","web","본문 전체 읽음","web-tests","계약 수정·실행 검증은 별도"
"web/src/__tests__/features/portfolio/assetDailyChangeReadModel.contract.test.ts","test","web","본문 전체 읽음","web-tests","계약 수정·실행 검증은 별도"
"web/src/__tests__/features/portfolio/assetDividendReadModel.contract.test.ts","test","web","본문 전체 읽음","web-tests","계약 수정·실행 검증은 별도"
"web/src/__tests__/features/portfolio/assetEditModalInitialPaint.contract.test.tsx","test","web","본문 전체 읽음","web-tests","계약 수정·실행 검증은 별도"
"web/src/__tests__/features/portfolio/assetListLongPress.contract.test.tsx","test","web","본문 전체 읽음","web-tests","계약 수정·실행 검증은 별도"
"web/src/__tests__/features/portfolio/assetListMutationFeedback.contract.test.tsx","test","web","본문 전체 읽음","web-tests","계약 수정·실행 검증은 별도"
"web/src/__tests__/features/portfolio/assetMutationFeedback.contract.test.tsx","test","web","본문 전체 읽음","web-tests","계약 수정·실행 검증은 별도"
"web/src/__tests__/features/portfolio/assetOwnerPageLifecycle.contract.test.tsx","test","web","본문 전체 읽음","web-tests","계약 수정·실행 검증은 별도"
"web/src/__tests__/features/portfolio/assetProfitSource.test.tsx","test","web","본문 전체 읽음","web-tests","계약 수정·실행 검증은 별도"
"web/src/__tests__/features/portfolio/assetStatisticsMutationInvalidation.contract.test.ts","test","web","본문 전체 읽음","web-tests","계약 수정·실행 검증은 별도"
"web/src/__tests__/features/portfolio/assetStatisticsReadModel.contract.test.ts","test","web","본문 전체 읽음","web-tests","계약 수정·실행 검증은 별도"
"web/src/__tests__/features/portfolio/assetStatsSessionRead.contract.test.tsx","test","web","본문 전체 읽음","web-tests","계약 수정·실행 검증은 별도"
"web/src/__tests__/features/portfolio/assetSummaryCard.contract.test.tsx","test","web","본문 전체 읽음","web-tests","계약 수정·실행 검증은 별도"
"web/src/__tests__/features/portfolio/dailyAssetChangeSummary.contract.test.ts","test","web","본문 전체 읽음","web-tests","계약 수정·실행 검증은 별도"
"web/src/__tests__/features/portfolio/holdingManagerSnapshot.contract.test.ts","test","web","본문 전체 읽음","web-tests","계약 수정·실행 검증은 별도"
"web/src/__tests__/features/portfolio/holdingValuation.contract.test.ts","test","web","본문 전체 읽음","web-tests","계약 수정·실행 검증은 별도"
"web/src/__tests__/features/portfolio/householdHoldingSnapshots.contract.test.ts","test","web","본문 전체 읽음","web-tests","계약 수정·실행 검증은 별도"
"web/src/__tests__/features/portfolio/localStockInstrumentCatalog.contract.test.ts","test","web","본문 전체 읽음","web-tests","계약 수정·실행 검증은 별도"
"web/src/__tests__/features/portfolio/physicalGoldPriceDisplay.contract.test.tsx","test","web","본문 전체 읽음","web-tests","계약 수정·실행 검증은 별도"
"web/src/__tests__/features/portfolio/portfolioCommands.contract.test.ts","test","web","본문 전체 읽음","web-tests","계약 수정·실행 검증은 별도"
"web/src/__tests__/features/portfolio/portfolioQueries.contract.test.ts","test","web","본문 전체 읽음","web-tests","계약 수정·실행 검증은 별도"
"web/src/__tests__/features/portfolio/stockHoldingList.contract.test.tsx","test","web","본문 전체 읽음","web-tests","계약 수정·실행 검증은 별도"
"web/src/__tests__/features/portfolio/stockSearchResults.contract.test.tsx","test","web","본문 전체 읽음","web-tests","계약 수정·실행 검증은 별도"
"web/src/__tests__/features/portfolioAssetServiceOptimistic.contract.test.ts","test","web","본문 전체 읽음","web-tests","계약 수정·실행 검증은 별도"
"web/src/__tests__/features/portfolioAssetStartupSync.contract.test.ts","test","web","본문 전체 읽음","web-tests","계약 수정·실행 검증은 별도"
"web/src/__tests__/features/portfolioOptimisticProjection.contract.test.ts","test","web","본문 전체 읽음","web-tests","계약 수정·실행 검증은 별도"
"web/src/__tests__/features/portfolioReadSnapshot.contract.test.ts","test","web","본문 전체 읽음","web-tests","계약 수정·실행 검증은 별도"
"web/src/__tests__/features/quickEditLedgerFeedback.contract.test.ts","test","web","본문 전체 읽음","web-tests","계약 수정·실행 검증은 별도"
"web/src/__tests__/features/recurringReadFailure.contract.test.tsx","test","web","본문 전체 읽음","web-tests","계약 수정·실행 검증은 별도"
"web/src/__tests__/features/registeredCardCanonicalRead.contract.test.ts","test","web","본문 전체 읽음","web-tests","계약 수정·실행 검증은 별도"
"web/src/__tests__/features/reportingReadAdapters.test.ts","test","web","본문 전체 읽음","web-tests","계약 수정·실행 검증은 별도"
"web/src/__tests__/features/searchImmediateResponse.contract.test.tsx","test","web","본문 전체 읽음","web-tests","계약 수정·실행 검증은 별도"
"web/src/__tests__/features/searchResultList.test.tsx","test","web","본문 전체 읽음","web-tests","계약 수정·실행 검증은 별도"
"web/src/__tests__/features/settingsAppVersion.contract.test.tsx","test","web","본문 전체 읽음","web-tests","계약 수정·실행 검증은 별도"
"web/src/__tests__/features/settingsSectionNavigation.test.tsx","test","web","본문 전체 읽음","web-tests","계약 수정·실행 검증은 별도"
"web/src/__tests__/features/shortcutCredentials.contract.test.ts","test","web","본문 전체 읽음","web-tests","계약 수정·실행 검증은 별도"
"web/src/__tests__/features/signedInMembershipCache.contract.test.ts","test","web","본문 전체 읽음","web-tests","계약 수정·실행 검증은 별도"
"web/src/__tests__/features/statisticsPage.test.tsx","test","web","본문 전체 읽음","web-tests","계약 수정·실행 검증은 별도"
"web/src/__tests__/features/statisticsPeriod.contract.test.ts","test","web","본문 전체 읽음","web-tests","계약 수정·실행 검증은 별도"
"web/src/__tests__/features/themeStorageRecovery.test.tsx","test","web","본문 전체 읽음","web-tests","계약 수정·실행 검증은 별도"
"web/src/__tests__/features/useLedgerHomeReadiness.contract.test.tsx","test","web","본문 전체 읽음","web-tests","계약 수정·실행 검증은 별도"
"web/src/__tests__/platform/androidAuthBootstrap.contract.test.ts","test","web","본문 전체 읽음","web-tests","계약 수정·실행 검증은 별도"
"web/src/__tests__/platform/androidFirestoreRuntime.contract.test.ts","test","web","본문 전체 읽음","web-tests","계약 수정·실행 검증은 별도"
"web/src/__tests__/platform/androidHouseholdServerFirst.contract.test.tsx","test","web","본문 전체 읽음","web-tests","계약 수정·실행 검증은 별도"
"web/src/__tests__/platform/androidNativeReadRefresh.contract.test.tsx","test","web","본문 전체 읽음","web-tests","계약 수정·실행 검증은 별도"
"web/src/__tests__/platform/androidQuickEditUpdates.contract.test.ts","test","web","본문 전체 읽음","web-tests","계약 수정·실행 검증은 별도"
"web/src/__tests__/platform/androidRemoteSessionRecovery.contract.test.tsx","test","web","본문 전체 읽음","web-tests","계약 수정·실행 검증은 별도"
"web/src/__tests__/platform/browserAuthBootstrap.contract.test.ts","test","web","본문 전체 읽음","web-tests","계약 수정·실행 검증은 별도"
"web/src/__tests__/platform/clientStartupDiagnostics.contract.test.ts","test","web","본문 전체 읽음","web-tests","계약 수정·실행 검증은 별도"
"web/src/__tests__/platform/clientStartupObservation.contract.test.ts","test","web","본문 전체 읽음","web-tests","계약 수정·실행 검증은 별도"
"web/src/__tests__/platform/fidSafeFirebaseFunctions.contract.test.ts","test","web","본문 전체 읽음","web-tests","계약 수정·실행 검증은 별도"
"web/src/__tests__/platform/firebaseCallableRecovery.contract.test.ts","test","web","본문 전체 읽음","web-tests","계약 수정·실행 검증은 별도"
"web/src/__tests__/platform/firestoreReadModelRecovery.contract.test.ts","test","web","본문 전체 읽음","web-tests","계약 수정·실행 검증은 별도"
"web/src/__tests__/platform/firestoreServerReadModel.contract.test.ts","test","web","본문 전체 읽음","web-tests","계약 수정·실행 검증은 별도"
"web/src/__tests__/platform/householdCommandClient.contract.test.ts","test","web","본문 전체 읽음","web-tests","계약 수정·실행 검증은 별도"
"web/src/__tests__/platform/householdQueryClient.contract.test.ts","test","web","본문 전체 읽음","web-tests","계약 수정·실행 검증은 별도"
"web/src/__tests__/platform/memberAccessTelemetry.contract.test.ts","test","web","본문 전체 읽음","web-tests","계약 수정·실행 검증은 별도"
"web/src/__tests__/platform/operationDeadline.contract.test.ts","test","web","본문 전체 읽음","web-tests","계약 수정·실행 검증은 별도"
"web/src/__tests__/platform/productionSecurityHeaders.test.ts","test","web","본문 전체 읽음","web-tests","계약 수정·실행 검증은 별도"
"web/src/__tests__/platform/pwaFidEndpointLifecycle.contract.test.ts","test","web","본문 전체 읽음","web-tests","계약 수정·실행 검증은 별도"
"web/src/__tests__/platform/pwaMessagingWorkerMigration.test.ts","test","web","본문 전체 읽음","web-tests","계약 수정·실행 검증은 별도"
"web/src/__tests__/platform/pwaNotificationPayload.test.ts","test","web","본문 전체 읽음","web-tests","계약 수정·실행 검증은 별도"
"web/src/__tests__/platform/pwaRuntimeCache.contract.test.ts","test","web","본문 전체 읽음","web-tests","계약 수정·실행 검증은 별도"
"web/src/__tests__/platform/pwaRuntimeUpdate.test.tsx","test","web","본문 전체 읽음","web-tests","계약 수정·실행 검증은 별도"
"web/src/__tests__/platform/pwaWorkerNotification.test.ts","test","web","본문 전체 읽음","web-tests","계약 수정·실행 검증은 별도"
"web/src/__tests__/platform/retiredHomeReadSnapshotCleanup.contract.test.ts","test","web","본문 전체 읽음","web-tests","계약 수정·실행 검증은 별도"
"web/src/__tests__/platform/seoulCalendarDate.test.ts","test","web","본문 전체 읽음","web-tests","계약 수정·실행 검증은 별도"
"web/src/__tests__/platform/webStartupPerformance.contract.test.ts","test","web","본문 전체 읽음","web-tests","계약 수정·실행 검증은 별도"
"web/src/app/admin/page.tsx","runtime","web","본문 전체 읽음","web-ui","계약 수정·실행 검증은 별도"
"web/src/app/api/dividend/save/route.ts","runtime","web","본문 전체 읽음","root-tests","계약 수정·실행 검증은 별도"
"web/src/app/assets/page.tsx","runtime","web","본문 전체 읽음","web-ui","계약 수정·실행 검증은 별도"
"web/src/app/assets/stats/page.tsx","runtime","web","본문 전체 읽음","web-ui","계약 수정·실행 검증은 별도"
"web/src/app/expenses/[expenseId]/edit/route.ts","runtime","web","본문 전체 읽음","root-tests","계약 수정·실행 검증은 별도"
"web/src/app/globals.css","runtime","web","본문 전체 읽음","root-tests","계약 수정·실행 검증은 별도"
"web/src/app/guest/page.tsx","runtime","web","본문 전체 읽음","web-ui","계약 수정·실행 검증은 별도"
"web/src/app/income/page.tsx","runtime","web","본문 전체 읽음","web-ui","계약 수정·실행 검증은 별도"
"web/src/app/join/page.tsx","runtime","web","본문 전체 읽음","web-ui","계약 수정·실행 검증은 별도"
"web/src/app/layout.tsx","runtime","web","본문 전체 읽음","web-ui","계약 수정·실행 검증은 별도"
"web/src/app/page.tsx","runtime","web","본문 전체 읽음","web-ui","계약 수정·실행 검증은 별도"
"web/src/app/settings/page.tsx","runtime","web","본문 전체 읽음","web-ui","계약 수정·실행 검증은 별도"
"web/src/app/stats/page.tsx","runtime","web","본문 전체 읽음","web-ui","계약 수정·실행 검증은 별도"
"web/src/components/admin/AdminHouseholdList.tsx","runtime","web","본문 전체 읽음","web-ui","계약 수정·실행 검증은 별도"
"web/src/components/admin/AdminHouseholdOperations.tsx","runtime","web","본문 전체 읽음","web-ui","계약 수정·실행 검증은 별도"
"web/src/components/admin/AdminOperationsOverview.tsx","runtime","web","본문 전체 읽음","web-ui","계약 수정·실행 검증은 별도"
"web/src/components/AppProviders.tsx","runtime","web","본문 전체 읽음","web-ui","계약 수정·실행 검증은 별도"
"web/src/components/assets/AssetAddModal.tsx","runtime","web","본문 전체 읽음","web-ui","계약 수정·실행 검증은 별도"
"web/src/components/assets/AssetCard.tsx","runtime","web","본문 전체 읽음","web-ui","계약 수정·실행 검증은 별도"
"web/src/components/assets/AssetDividendChart.tsx","runtime","web","본문 전체 읽음","web-ui","계약 수정·실행 검증은 별도"
"web/src/components/assets/AssetEditModal.tsx","runtime","web","본문 전체 읽음","web-ui","계약 수정·실행 검증은 별도"
"web/src/components/assets/AssetFormFields.tsx","runtime","web","본문 전체 읽음","web-ui","계약 수정·실행 검증은 별도"
"web/src/components/assets/AssetHistoryModal.tsx","runtime","web","본문 전체 읽음","web-ui","계약 수정·실행 검증은 별도"
"web/src/components/assets/assetIcons.tsx","runtime","web","본문 전체 읽음","web-ui","계약 수정·실행 검증은 별도"
"web/src/components/assets/AssetList.tsx","runtime","web","본문 전체 읽음","web-ui","계약 수정·실행 검증은 별도"
"web/src/components/assets/AssetOwnerProfileModal.tsx","runtime","web","본문 전체 읽음","web-ui","계약 수정·실행 검증은 별도"
"web/src/components/assets/AssetProfitChart.tsx","runtime","web","본문 전체 읽음","web-ui","계약 수정·실행 검증은 별도"
"web/src/components/assets/AssetSummaryCard.tsx","runtime","web","본문 전체 읽음","web-ui","계약 수정·실행 검증은 별도"
"web/src/components/assets/CryptoHoldingList.tsx","runtime","web","본문 전체 읽음","web-ui","계약 수정·실행 검증은 별도"
"web/src/components/assets/CryptoSearchForm.tsx","runtime","web","본문 전체 읽음","web-ui","계약 수정·실행 검증은 별도"
"web/src/components/assets/index.ts","runtime","web","본문 전체 읽음","root-tests","계약 수정·실행 검증은 별도"
"web/src/components/assets/ManualHoldingForm.tsx","runtime","web","본문 전체 읽음","web-ui","계약 수정·실행 검증은 별도"
"web/src/components/assets/StockHoldingList.tsx","runtime","web","본문 전체 읽음","web-ui","계약 수정·실행 검증은 별도"
"web/src/components/assets/StockSearchForm.tsx","runtime","web","본문 전체 읽음","web-ui","계약 수정·실행 검증은 별도"
"web/src/components/BalanceCards.tsx","runtime","web","본문 전체 읽음","web-ui","계약 수정·실행 검증은 별도"
"web/src/components/Calendar.tsx","runtime","web","본문 전체 읽음","web-ui","계약 수정·실행 검증은 별도"
"web/src/components/CategoryDetailModal.tsx","runtime","web","본문 전체 읽음","web-ui","계약 수정·실행 검증은 별도"
"web/src/components/CategorySummary.tsx","runtime","web","본문 전체 읽음","web-ui","계약 수정·실행 검증은 별도"
"web/src/components/common/AmountInput.tsx","runtime","web","본문 전체 읽음","web-ui","계약 수정·실행 검증은 별도"
"web/src/components/common/CategorySelector.tsx","runtime","web","본문 전체 읽음","web-ui","계약 수정·실행 검증은 별도"
"web/src/components/common/ColorPicker.tsx","runtime","web","본문 전체 읽음","web-ui","계약 수정·실행 검증은 별도"
"web/src/components/common/ConfirmDialog.tsx","runtime","web","본문 전체 읽음","web-ui","계약 수정·실행 검증은 별도"
"web/src/components/common/FormattedIntegerInput.tsx","runtime","web","본문 전체 읽음","web-ui","계약 수정·실행 검증은 별도"
"web/src/components/common/index.ts","runtime","web","본문 전체 읽음","root-tests","계약 수정·실행 검증은 별도"
"web/src/components/common/ModalOverlay.tsx","runtime","web","본문 전체 읽음","web-ui","계약 수정·실행 검증은 별도"
"web/src/components/common/Portal.tsx","runtime","web","본문 전체 읽음","web-ui","계약 수정·실행 검증은 별도"
"web/src/components/common/useChartMotion.ts","runtime","web","본문 전체 읽음","root-tests","계약 수정·실행 검증은 별도"
"web/src/components/DonutChart.tsx","runtime","web","본문 전체 읽음","web-ui","계약 수정·실행 검증은 별도"
"web/src/components/expense/AddExpenseModal.tsx","runtime","web","본문 전체 읽음","web-ui","계약 수정·실행 검증은 별도"
"web/src/components/expense/ExpenseActionButtons.tsx","runtime","web","본문 전체 읽음","web-ui","계약 수정·실행 검증은 별도"
"web/src/components/expense/ExpenseDetail.tsx","runtime","web","본문 전체 읽음","web-ui","계약 수정·실행 검증은 별도"
"web/src/components/expense/ExpenseEditModal.tsx","runtime","web","본문 전체 읽음","web-ui","계약 수정·실행 검증은 별도"
"web/src/components/expense/ExpenseFormFields.tsx","runtime","web","본문 전체 읽음","web-ui","계약 수정·실행 검증은 별도"
"web/src/components/expense/ExpenseItem.tsx","runtime","web","본문 전체 읽음","web-ui","계약 수정·실행 검증은 별도"
"web/src/components/expense/ExpenseSplitModal.tsx","runtime","web","본문 전체 읽음","web-ui","계약 수정·실행 검증은 별도"
"web/src/components/expense/ExpenseTagInput.tsx","runtime","web","본문 전체 읽음","web-ui","계약 수정·실행 검증은 별도"
"web/src/components/expense/ExpenseTags.tsx","runtime","web","본문 전체 읽음","web-ui","계약 수정·실행 검증은 별도"
"web/src/components/expense/hooks/useDragAndDrop.ts","runtime","web","본문 전체 읽음","root-tests","계약 수정·실행 검증은 별도"
"web/src/components/expense/hooks/useExpenseEditor.ts","runtime","web","본문 전체 읽음","web source read","계약 수정·실행 검증은 별도"
"web/src/components/expense/IncomeSummaryModal.tsx","runtime","web","본문 전체 읽음","web-ui","계약 수정·실행 검증은 별도"
"web/src/components/expense/index.ts","runtime","web","본문 전체 읽음","root-tests","계약 수정·실행 검증은 별도"
"web/src/components/expense/MonthlySplitAmountControl.tsx","runtime","web","본문 전체 읽음","web-ui","계약 수정·실행 검증은 별도"
"web/src/components/home/deferredHomeContent.tsx","runtime","web","본문 전체 읽음","web-ui; web source read","계약 수정·실행 검증은 별도"
"web/src/components/home/LedgerPage.tsx","runtime","web","본문 전체 읽음","web-ui","계약 수정·실행 검증은 별도"
"web/src/components/HomeHeader.tsx","runtime","web","본문 전체 읽음","web-ui; web source read","계약 수정·실행 검증은 별도"
"web/src/components/HouseholdGuard.tsx","runtime","web","본문 전체 읽음","web-ui; web source read","계약 수정·실행 검증은 별도"
"web/src/components/HouseholdLogin.tsx","runtime","web","본문 전체 읽음","web-ui; web source read","계약 수정·실행 검증은 별도"
"web/src/components/LocalCurrencyModal.tsx","runtime","web","본문 전체 읽음","web-ui","계약 수정·실행 검증은 별도"
"web/src/components/MonthlyTrendChart.tsx","runtime","web","본문 전체 읽음","web-ui","계약 수정·실행 검증은 별도"
"web/src/components/NotificationSettings.tsx","runtime","web","본문 전체 읽음","web-ui","계약 수정·실행 검증은 별도"
"web/src/components/search/index.ts","runtime","web","본문 전체 읽음","root-tests","계약 수정·실행 검증은 별도"
"web/src/components/search/SearchModal.tsx","runtime","web","본문 전체 읽음","web-ui","계약 수정·실행 검증은 별도"
"web/src/components/search/SearchResultList.tsx","runtime","web","본문 전체 읽음","web-ui","계약 수정·실행 검증은 별도"
"web/src/components/settings/CardSettings.tsx","runtime","web","본문 전체 읽음","web-ui","계약 수정·실행 검증은 별도"
"web/src/components/settings/CategorySettings.tsx","runtime","web","본문 전체 읽음","web-ui","계약 수정·실행 검증은 별도"
"web/src/components/settings/HomePreferencesSettings.tsx","runtime","web","본문 전체 읽음","web-ui; web source read","계약 수정·실행 검증은 별도"
"web/src/components/settings/index.ts","runtime","web","본문 전체 읽음","web source read","계약 수정·실행 검증은 별도"
"web/src/components/settings/InvitationSettings.tsx","runtime","web","본문 전체 읽음","web-ui","계약 수정·실행 검증은 별도"
"web/src/components/settings/MerchantRuleSettings.tsx","runtime","web","본문 전체 읽음","web-ui","계약 수정·실행 검증은 별도"
"web/src/components/settings/QuickEditOverlaySettings.tsx","runtime","web","본문 전체 읽음","web-ui","계약 수정·실행 검증은 별도"
"web/src/components/settings/RecurringExpenseSettings.tsx","runtime","web","본문 전체 읽음","web-ui","계약 수정·실행 검증은 별도"
"web/src/components/settings/ShortcutSettings.tsx","runtime","web","본문 전체 읽음","web-ui","계약 수정·실행 검증은 별도"
"web/src/components/settings/ThemeSettings.tsx","runtime","web","본문 전체 읽음","web-ui","계약 수정·실행 검증은 별도"
"web/src/components/settings/useCategoryReorder.ts","runtime","web","본문 전체 읽음","root-tests","계약 수정·실행 검증은 별도"
"web/src/components/settings/useSettingsSectionExpansion.ts","runtime","web","본문 전체 읽음","root-tests","계약 수정·실행 검증은 별도"
"web/src/components/stats/CategoryExpenseModal.tsx","runtime","web","본문 전체 읽음","web-ui","계약 수정·실행 검증은 별도"
"web/src/components/stats/PeriodSelector.tsx","runtime","web","본문 전체 읽음","web-ui","계약 수정·실행 검증은 별도"
"web/src/composition/androidQuickEditUpdates.ts","runtime","web","본문 전체 읽음","web source read","계약 수정·실행 검증은 별도"
"web/src/composition/assetOwnerProfileReadRuntime.ts","runtime","web","본문 전체 읽음","web source read","계약 수정·실행 검증은 별도"
"web/src/composition/clientSessionResetRegistry.ts","runtime","web","본문 전체 읽음","web source read","계약 수정·실행 검증은 별도"
"web/src/composition/clientSessionScope.ts","runtime","web","본문 전체 읽음","web source read","계약 수정·실행 검증은 별도"
"web/src/composition/ledgerMutationRuntimePreload.ts","runtime","web","본문 전체 읽음","web source read","계약 수정·실행 검증은 별도"
"web/src/composition/resetClientOptimisticProjections.ts","runtime","web","본문 전체 읽음","web source read","계약 수정·실행 검증은 별도"
"web/src/composition/stockInstrumentCatalogRuntime.ts","runtime","web","본문 전체 읽음","web source read","계약 수정·실행 검증은 별도"
"web/src/composition/webCommandRuntime.ts","runtime","web","본문 전체 읽음","web source read","계약 수정·실행 검증은 별도"
"web/src/composition/webQueryRuntime.ts","runtime","web","본문 전체 읽음","web source read","계약 수정·실행 검증은 별도"
"web/src/contexts/AppDialogContext.tsx","runtime","AppDialogContext.tsx","본문 전체 읽음","web source read","계약 수정·실행 검증은 별도"
"web/src/contexts/CategoryContext.tsx","runtime","CategoryContext.tsx","본문 전체 읽음","web source read","계약 수정·실행 검증은 별도"
"web/src/contexts/HouseholdContext.tsx","runtime","HouseholdContext.tsx","본문 전체 읽음","web source read","계약 수정·실행 검증은 별도"
"web/src/contexts/LedgerReadModelContext.tsx","runtime","LedgerReadModelContext.tsx","본문 전체 읽음","web source read","계약 수정·실행 검증은 별도"
"web/src/contexts/ThemeContext.tsx","runtime","ThemeContext.tsx","본문 전체 읽음","web source read","계약 수정·실행 검증은 별도"
"web/src/features/access-household/application/adminHouseholds.ts","runtime","web","본문 전체 읽음","web source read","계약 수정·실행 검증은 별도"
"web/src/features/access-household/application/adminHouseholdViewSelection.ts","runtime","web","본문 전체 읽음","web source read","계약 수정·실행 검증은 별도"
"web/src/features/access-household/application/assetOwnerProfileQueries.ts","runtime","web","본문 전체 읽음","web source read","계약 수정·실행 검증은 별도"
"web/src/features/access-household/application/assetOwnerProfiles.ts","runtime","web","본문 전체 읽음","web source read","계약 수정·실행 검증은 별도"
"web/src/features/access-household/application/householdCommands.ts","runtime","web","본문 전체 읽음","web source read","계약 수정·실행 검증은 별도"
"web/src/features/access-household/application/householdReadModel.ts","runtime","web","본문 전체 읽음","web source read","계약 수정·실행 검증은 별도"
"web/src/features/access-household/application/legacySessionCandidate.ts","runtime","web","본문 전체 읽음","web source read","계약 수정·실행 검증은 별도"
"web/src/features/access-household/application/membershipResolutionRecovery.ts","runtime","web","본문 전체 읽음","web source read","계약 수정·실행 검증은 별도"
"web/src/features/access-household/application/signedInMembershipCache.ts","runtime","web","본문 전체 읽음","web source read","계약 수정·실행 검증은 별도"
"web/src/features/access-household/domain/assetOwnerProfile.ts","runtime","web","본문 전체 읽음","web source read","계약 수정·실행 검증은 별도"
"web/src/features/category-budget/application/categoryCommands.ts","runtime","web","본문 전체 읽음","web source read","계약 수정·실행 검증은 별도"
"web/src/features/category-budget/monthlyBudget.ts","runtime","web","본문 전체 읽음","web source read","계약 수정·실행 검증은 별도"
"web/src/features/home-preferences/application/homeSummaryConfig.ts","runtime","web","본문 전체 읽음","web source read","계약 수정·실행 검증은 별도"
"web/src/features/home-preferences/homePreferences.ts","runtime","web","본문 전체 읽음","web source read","계약 수정·실행 검증은 별도"
"web/src/features/ledger/application/ledgerCommands.ts","runtime","web","본문 전체 읽음","web source read","계약 수정·실행 검증은 별도"
"web/src/features/ledger/application/ledgerExpenseMapping.ts","runtime","web","본문 전체 읽음","web source read","계약 수정·실행 검증은 별도"
"web/src/features/ledger/application/ledgerOptimisticProjection.ts","runtime","web","본문 전체 읽음","web source read","계약 수정·실행 검증은 별도"
"web/src/features/ledger/application/ledgerReadVisibility.ts","runtime","web","본문 전체 읽음","web source read","계약 수정·실행 검증은 별도"
"web/src/features/ledger/application/quickEditLedgerFeedback.ts","runtime","web","본문 전체 읽음","web source read","계약 수정·실행 검증은 별도"
"web/src/features/ledger/domain/ledgerTransactionOrder.ts","runtime","web","본문 전체 읽음","web source read","계약 수정·실행 검증은 별도"
"web/src/features/ledger/useLedgerEditLink.ts","runtime","web","본문 전체 읽음","web source read","계약 수정·실행 검증은 별도"
"web/src/features/ledger/useLedgerHomeReadiness.ts","runtime","web","본문 전체 읽음","web source read","계약 수정·실행 검증은 별도"
"web/src/features/ledger/useLedgerYearSummary.ts","runtime","web","본문 전체 읽음","web source read","계약 수정·실행 검증은 별도"
"web/src/features/notifications/application/notificationCommands.ts","runtime","web","본문 전체 읽음","web source read","계약 수정·실행 검증은 별도"
"web/src/features/payment-capture/application/shortcutCredentials.ts","runtime","web","본문 전체 읽음","web source read","계약 수정·실행 검증은 별도"
"web/src/features/payment-configuration/application/paymentConfigurationCommands.ts","runtime","web","본문 전체 읽음","web source read","계약 수정·실행 검증은 별도"
"web/src/features/portfolio/application/dailyAssetChangeSummary.ts","runtime","web","본문 전체 읽음","web source read","계약 수정·실행 검증은 별도"
"web/src/features/portfolio/application/portfolioCommands.ts","runtime","web","본문 전체 읽음","web source read","계약 수정·실행 검증은 별도"
"web/src/features/portfolio/application/portfolioOptimisticProjection.ts","runtime","web","본문 전체 읽음","web source read","계약 수정·실행 검증은 별도"
"web/src/features/portfolio/application/portfolioQueries.ts","runtime","web","본문 전체 읽음","web source read","계약 수정·실행 검증은 별도"
"web/src/features/portfolio/application/portfolioReadSnapshot.ts","runtime","web","본문 전체 읽음","web source read","계약 수정·실행 검증은 별도"
"web/src/features/portfolio/instrument-catalog/application/localStockInstrumentCatalog.ts","runtime","web","본문 전체 읽음","web source read","계약 수정·실행 검증은 별도"
"web/src/features/portfolio/instrument-catalog/application/stockInstrumentCatalogPorts.ts","runtime","web","본문 전체 읽음","web source read","계약 수정·실행 검증은 별도"
"web/src/features/portfolio/instrument-catalog/domain/stockInstrumentCatalog.ts","runtime","web","본문 전체 읽음","web source read","계약 수정·실행 검증은 별도"
"web/src/features/recurring/application/recurringCommands.ts","runtime","web","본문 전체 읽음","web source read","계약 수정·실행 검증은 별도"
"web/src/features/reporting/statisticsPeriod.ts","runtime","web","본문 전체 읽음","web source read","계약 수정·실행 검증은 별도"
"web/src/lib/assets/assetMath.ts","runtime","web","본문 전체 읽음","web source read","계약 수정·실행 검증은 별도"
"web/src/lib/assets/holdingValuation.ts","runtime","web","본문 전체 읽음","web source read","계약 수정·실행 검증은 별도"
"web/src/lib/assets/memberOptions.ts","runtime","web","본문 전체 읽음","web source read","계약 수정·실행 검증은 별도"
"web/src/lib/assetService.ts","runtime","web","본문 전체 읽음","web source read","계약 수정·실행 검증은 별도"
"web/src/lib/authService.ts","runtime","web","본문 전체 읽음","web source read","계약 수정·실행 검증은 별도"
"web/src/lib/balanceService.ts","runtime","web","본문 전체 읽음","web source read","계약 수정·실행 검증은 별도"
"web/src/lib/bridges/androidBridge.ts","runtime","web","본문 전체 읽음","web source read","계약 수정·실행 검증은 별도"
"web/src/lib/categoryCompatibility.ts","runtime","web","본문 전체 읽음","web source read","계약 수정·실행 검증은 별도"
"web/src/lib/categoryService.ts","runtime","web","본문 전체 읽음","web source read","계약 수정·실행 검증은 별도"
"web/src/lib/expenseService.ts","runtime","web","본문 전체 읽음","web source read","계약 수정·실행 검증은 별도"
"web/src/lib/firebase.ts","runtime","web","본문 전체 읽음","web source read","계약 수정·실행 검증은 별도"
"web/src/lib/firebaseApp.ts","runtime","web","본문 전체 읽음","web source read","계약 수정·실행 검증은 별도"
"web/src/lib/householdService.ts","runtime","web","본문 전체 읽음","web source read","계약 수정·실행 검증은 별도"
"web/src/lib/merchantRuleService.ts","runtime","web","본문 전체 읽음","web source read","계약 수정·실행 검증은 별도"
"web/src/lib/partnerNotificationService.ts","runtime","web","본문 전체 읽음","web source read","계약 수정·실행 검증은 별도"
"web/src/lib/pushNotificationService.ts","runtime","web","본문 전체 읽음","web source read","계약 수정·실행 검증은 별도"
"web/src/lib/recurringExpenseService.ts","runtime","web","본문 전체 읽음","web source read","계약 수정·실행 검증은 별도"
"web/src/lib/registeredCardService.ts","runtime","web","본문 전체 읽음","web source read","계약 수정·실행 검증은 별도"
"web/src/lib/storage/householdStorage.ts","runtime","web","본문 전체 읽음","web source read","계약 수정·실행 검증은 별도"
"web/src/lib/storage/memberStorage.ts","runtime","web","본문 전체 읽음","web source read","계약 수정·실행 검증은 별도"
"web/src/lib/utils/date.ts","runtime","web","본문 전체 읽음","web source read","계약 수정·실행 검증은 별도"
"web/src/lib/utils/expenseForm.ts","runtime","web","본문 전체 읽음","web source read","계약 수정·실행 검증은 별도"
"web/src/lib/utils/expenseTags.ts","runtime","web","본문 전체 읽음","web source read","계약 수정·실행 검증은 별도"
"web/src/lib/utils/ledgerDisplay.ts","runtime","web","본문 전체 읽음","web source read","계약 수정·실행 검증은 별도"
"web/src/lib/utils/monthlySplitActions.ts","runtime","web","본문 전체 읽음","web source read","계약 수정·실행 검증은 별도"
"web/src/lib/utils/platform.ts","runtime","web","본문 전체 읽음","web source read","계약 수정·실행 검증은 별도"
"web/src/lib/utils/splitMonths.ts","runtime","web","본문 전체 읽음","web source read","계약 수정·실행 검증은 별도"
"web/src/lib/utils/useCryptoHoldingManager.ts","runtime","web","본문 전체 읽음","web source read","계약 수정·실행 검증은 별도"
"web/src/lib/utils/useExpenseFormState.ts","runtime","web","본문 전체 읽음","web source read","계약 수정·실행 검증은 별도"
"web/src/lib/utils/useGoldHolding.ts","runtime","web","본문 전체 읽음","web source read","계약 수정·실행 검증은 별도"
"web/src/lib/utils/useHouseholdHoldingSnapshots.ts","runtime","web","본문 전체 읽음","web source read","계약 수정·실행 검증은 별도"
"web/src/lib/utils/useMonthlySplitInput.ts","runtime","web","본문 전체 읽음","web source read","계약 수정·실행 검증은 별도"
"web/src/lib/utils/useStockHoldingManager.ts","runtime","web","본문 전체 읽음","web source read","계약 수정·실행 검증은 별도"
"web/src/platform/android-host/androidHostBridge.ts","runtime","web","본문 전체 읽음","web source read","계약 수정·실행 검증은 별도"
"web/src/platform/android-host/androidLifecycleEvents.ts","runtime","web","본문 전체 읽음","web source read","계약 수정·실행 검증은 별도"
"web/src/platform/android-host/quickEditUpdateFeedback.ts","runtime","web","본문 전체 읽음","web source read","계약 수정·실행 검증은 별도"
"web/src/platform/firebase/firebaseEmulatorConfig.ts","runtime","web","본문 전체 읽음","web source read","계약 수정·실행 검증은 별도"
"web/src/platform/firebase/firebasePublicConfig.ts","runtime","web","본문 전체 읽음","web source read","계약 수정·실행 검증은 별도"
"web/src/platform/functions-api/accessContractTypes.ts","runtime","web","본문 전체 읽음","web source read","계약 수정·실행 검증은 별도"
"web/src/platform/functions-api/adminAccessClient.ts","runtime","web","본문 전체 읽음","web source read","계약 수정·실행 검증은 별도"
"web/src/platform/functions-api/adminAccessContract.ts","runtime","web","본문 전체 읽음","web source read","계약 수정·실행 검증은 별도"
"web/src/platform/functions-api/clientStartupDiagnosticsContract.ts","runtime","web","본문 전체 읽음","web source read","계약 수정·실행 검증은 별도"
"web/src/platform/functions-api/fidSafeFirebaseFunctions.ts","runtime","web","본문 전체 읽음","web source read","계약 수정·실행 검증은 별도"
"web/src/platform/functions-api/firebaseCallableAdminAccessTransport.ts","runtime","web","본문 전체 읽음","web source read","계약 수정·실행 검증은 별도"
"web/src/platform/functions-api/firebaseCallableCommandTransport.ts","runtime","web","본문 전체 읽음","web source read","계약 수정·실행 검증은 별도"
"web/src/platform/functions-api/firebaseCallableQueryTransport.ts","runtime","web","본문 전체 읽음","web source read","계약 수정·실행 검증은 별도"
"web/src/platform/functions-api/firebaseCallableRecovery.ts","runtime","web","본문 전체 읽음","web source read","계약 수정·실행 검증은 별도"
"web/src/platform/functions-api/householdCommandClient.ts","runtime","web","본문 전체 읽음","web source read","계약 수정·실행 검증은 별도"
"web/src/platform/functions-api/householdCommandContract.ts","runtime","web","본문 전체 읽음","web source read","계약 수정·실행 검증은 별도"
"web/src/platform/functions-api/householdQueryClient.ts","runtime","web","본문 전체 읽음","web source read","계약 수정·실행 검증은 별도"
"web/src/platform/functions-api/householdQueryContract.ts","runtime","web","본문 전체 읽음","web source read","계약 수정·실행 검증은 별도"
"web/src/platform/functions-api/index.ts","runtime","web","본문 전체 읽음","web source read","계약 수정·실행 검증은 별도"
"web/src/platform/instrument-catalog/firebaseStorageStockInstrumentCatalogRemote.ts","runtime","web","본문 전체 읽음","web source read","계약 수정·실행 검증은 별도"
"web/src/platform/instrument-catalog/indexedDbStockInstrumentCatalogCache.ts","runtime","web","본문 전체 읽음","web source read","계약 수정·실행 검증은 별도"
"web/src/platform/interaction/longPressGesture.ts","runtime","web","본문 전체 읽음","web source read","계약 수정·실행 검증은 별도"
"web/src/platform/network/operationDeadline.ts","runtime","web","본문 전체 읽음","web source read","계약 수정·실행 검증은 별도"
"web/src/platform/performance/clientStartupDiagnostics.ts","runtime","web","본문 전체 읽음","web source read","계약 수정·실행 검증은 별도"
"web/src/platform/performance/clientStartupObservation.ts","runtime","web","본문 전체 읽음","web source read","계약 수정·실행 검증은 별도"
"web/src/platform/performance/webStartupPerformance.ts","runtime","web","본문 전체 읽음","web source read","계약 수정·실행 검증은 별도"
"web/src/platform/pwa/browserServiceWorker.ts","runtime","web","본문 전체 읽음","web source read","계약 수정·실행 검증은 별도"
"web/src/platform/pwa/fidEndpointLifecycle.ts","runtime","web","본문 전체 읽음","web source read","계약 수정·실행 검증은 별도"
"web/src/platform/pwa/notificationPayload.ts","runtime","web","본문 전체 읽음","web source read","계약 수정·실행 검증은 별도"
"web/src/platform/pwa/pwaEndpointRegistrationDiagnostic.ts","runtime","web","본문 전체 읽음","web source read","계약 수정·실행 검증은 별도"
"web/src/platform/pwa/PwaRuntimeUpdate.tsx","runtime","web","본문 전체 읽음","web source read","계약 수정·실행 검증은 별도"
"web/src/platform/pwa/sessionCache.ts","runtime","web","본문 전체 읽음","web source read","계약 수정·실행 검증은 별도"
"web/src/platform/read-model/assetDailyChangeReadModel.ts","runtime","web","본문 전체 읽음","web source read","계약 수정·실행 검증은 별도"
"web/src/platform/read-model/firestoreAssetOwnerProfileReadModel.ts","runtime","web","본문 전체 읽음","web source read","계약 수정·실행 검증은 별도"
"web/src/platform/read-model/firestoreReadModel.ts","runtime","web","본문 전체 읽음","web source read","계약 수정·실행 검증은 별도"
"web/src/platform/read-model/firestoreServerReadModel.ts","runtime","web","본문 전체 읽음","web source read","계약 수정·실행 검증은 별도"
"web/src/platform/read-model/homePreferencesReadModel.ts","runtime","web","본문 전체 읽음","web source read","계약 수정·실행 검증은 별도"
"web/src/platform/read-model/initialHomeRead.ts","runtime","web","본문 전체 읽음","web source read","계약 수정·실행 검증은 별도"
"web/src/platform/read-model/optimisticEntityProjection.ts","runtime","web","본문 전체 읽음","web source read","계약 수정·실행 검증은 별도"
"web/src/platform/read-model/retiredHomeReadSnapshotCleanup.ts","runtime","web","본문 전체 읽음","web source read","계약 수정·실행 검증은 별도"
"web/src/platform/reporting/assetDividendReadModel.ts","runtime","web","본문 전체 읽음","web source read","계약 수정·실행 검증은 별도"
"web/src/platform/reporting/assetStatisticsQueryCache.ts","runtime","web","본문 전체 읽음","web source read","계약 수정·실행 검증은 별도"
"web/src/platform/reporting/assetStatisticsReadModel.ts","runtime","web","본문 전체 읽음","web source read","계약 수정·실행 검증은 별도"
"web/src/platform/reporting/expenseStatisticsCache.ts","runtime","web","본문 전체 읽음","web source read","계약 수정·실행 검증은 별도"
"web/src/platform/reporting/expenseStatisticsInvalidation.ts","runtime","web","본문 전체 읽음","web source read","계약 수정·실행 검증은 별도"
"web/src/platform/reporting/expenseStatisticsReadModel.ts","runtime","web","본문 전체 읽음","web source read","계약 수정·실행 검증은 별도"
"web/src/platform/usage/memberAccessTelemetry.ts","runtime","web","본문 전체 읽음","web source read","계약 수정·실행 검증은 별도"
"web/src/types/asset.ts","runtime","web","본문 전체 읽음","web source read","계약 수정·실행 검증은 별도"
"web/src/types/category.ts","runtime","web","본문 전체 읽음","web source read","계약 수정·실행 검증은 별도"
"web/src/types/expense.ts","runtime","web","본문 전체 읽음","web source read","계약 수정·실행 검증은 별도"
"web/src/types/household.ts","runtime","web","본문 전체 읽음","web source read","계약 수정·실행 검증은 별도"
"web/src/types/merchant.ts","runtime","web","본문 전체 읽음","web source read","계약 수정·실행 검증은 별도"
"web/src/types/recurring.ts","runtime","web","본문 전체 읽음","web source read","계약 수정·실행 검증은 별도"
"web/src/types/registeredCard.ts","runtime","web","본문 전체 읽음","web source read","계약 수정·실행 검증은 별도"
"web/tailwind.config.ts","configuration","web","본문 전체 읽음","root-tests","계약 수정·실행 검증은 별도"
"web/tsconfig.json","configuration","web","본문 전체 읽음","root-tests","계약 수정·실행 검증은 별도"
"web/vercel.json","configuration","web","본문 전체 읽음","root-tests","계약 수정·실행 검증은 별도"
"web/worker/index.js","runtime","web","본문 전체 읽음","web source read","계약 수정·실행 검증은 별도"
